Date,copper,zinc,usdinr
2020-01-02,6243.931878089905,2338.5,71.0250015258789
2020-01-03,6167.894134521484,2338.5,71.41500091552734
2020-01-06,6172.301815032959,2338.5,71.73100280761719
2020-01-07,6180.015781402588,2338.5,71.78700256347656
2020-01-08,6213.076012611389,2338.5,72.16000366210938
2020-01-09,6194.341794013977,2338.5,71.41190338134766
2020-01-10,6211.9740924835205,2338.5,71.19429779052734
2020-01-13,6306.746054649353,2338.5,70.9530029296875
2020-01-14,6338.703840255737,2338.5,70.71890258789062
2020-01-15,6325.479747772217,2338.5,70.84510040283203
2020-01-16,6285.807995796204,2338.5,70.71800231933594
2020-01-17,6280.297869682312,2338.5,70.94560241699219
2020-01-21,6167.894134521484,2338.5,71.03099822998047
2020-01-22,6098.467911720276,2338.5,71.16999816894531
2020-01-23,6008.104155540466,2338.5,71.0781021118164
2020-01-24,5918.841794013977,2338.5,71.32099914550781
2020-01-27,5722.685823440552,2338.5,71.32499694824219
2020-01-28,5685.217911720276,2338.5,71.44000244140625
2020-01-29,5627.913861274719,2338.5,71.23040008544922
2020-01-30,5561.793924331665,2304.0,71.30000305175781
2020-01-31,5554.079957962036,2304.0,71.63999938964844
2020-02-03,5538.652025222778,2304.0,71.49649810791016
2020-02-04,5614.689768791199,2304.0,71.31410217285156
2020-02-05,5684.115991592407,2304.0,71.0999984741211
2020-02-06,5727.094029426575,2304.0,71.18000030517578
2020-02-07,5640.036033630371,2304.0,71.47000122070312
2020-02-10,5636.729747772217,2304.0,71.5155029296875
2020-02-11,5705.054050445557,2304.0,71.27999877929688
2020-02-12,5743.623882293701,2304.0,71.27529907226562
2020-02-13,5773.377827644348,2304.0,71.29620361328125
2020-02-14,5742.5219621658325,2304.0,71.26850128173828
2020-02-18,5752.439768791199,2304.0,71.34919738769531
2020-02-19,5757.94989490509,2304.0,71.57499694824219
2020-02-20,5719.380063056946,2304.0,71.82749938964844
2020-02-21,5770.072067260742,2304.0,72.11000061035156
2020-02-24,5713.869936943054,2304.0,71.88680267333984
2020-02-25,5722.685823440552,2304.0,72.04669952392578
2020-02-26,5678.605865478516,2304.0,71.87000274658203
2020-02-27,5667.586138725281,2297.0,71.66339874267578
2020-02-28,5611.384008407593,2297.0,71.93000030517578
2020-03-02,5732.604155540466,2297.0,72.1500015258789
2020-03-03,5685.217911720276,2297.0,72.82499694824219
2020-03-04,5714.971857070923,2297.0,73.34200286865234
2020-03-05,5691.829957962036,2297.0,74.0425033569336
2020-03-06,5670.891899108887,2297.0,73.8551025390625
2020-03-09,5562.895844459534,2297.0,73.99530029296875
2020-03-10,5584.935823440552,2297.0,74.40599822998047
2020-03-11,5536.448184967041,2297.0,74.20500183105469
2020-03-12,5468.123882293701,2297.0,74.76000213623047
2020-03-13,5452.695949554443,2297.0,75.30000305175781
2020-03-16,5286.293924331665,2297.0,73.90399932861328
2020-03-17,5103.36204624176,2297.0,75.15499877929688
2020-03-18,4761.742109298706,2297.0,74.01239776611328
2020-03-19,4848.80010509491,2297.0,74.98200225830078
2020-03-20,4827.86204624176,2297.0,75.15969848632812
2020-03-23,4671.377827644348,2297.0,75.62210083007812
2020-03-24,4843.289978981018,2297.0,76.50599670410156
2020-03-25,4923.735928535461,2297.0,77.26000213623047
2020-03-26,4866.431878089905,2297.0,75.84549713134766
2020-03-27,4842.188058853149,2297.0,74.72560119628906
2020-03-30,4765.047869682312,2297.0,75.46499633789062
2020-03-31,4936.960021018982,2297.0,75.4000015258789
2020-04-01,4831.167806625366,2297.0,75.32499694824219
2020-04-02,4921.532088279724,2297.0,77.56999969482422
2020-04-03,4870.840084075928,2297.0,77.13999938964844
2020-04-06,4925.939768791199,2297.0,76.2300033569336
2020-04-07,5043.854155540466,2297.0,75.96489715576172
2020-04-08,5020.71225643158,2297.0,76.66000366210938
2020-04-09,5019.609810829163,2297.0,75.95899963378906
2020-04-13,5114.381772994995,2297.0,76.16649627685547
2020-04-14,5172.78774356842,2297.0,76.91000366210938
2020-04-15,5096.75,2297.0,75.93099975585938
2020-04-16,5079.118227005005,2297.0,77.2125015258789
2020-04-17,5187.11375617981,2297.0,77.56999969482422
2020-04-20,5145.238163948059,2297.0,76.55999755859375
2020-04-21,4996.467911720276,2297.0,77.20999908447266
2020-04-22,5107.770252227783,2297.0,76.96939849853516
2020-04-23,5122.095739364624,2297.0,76.4000015258789
2020-04-24,5174.992109298706,2297.0,76.42250061035156
2020-04-27,5249.927932739258,2297.0,76.27149963378906
2020-04-28,5243.315886497498,2297.0,76.1863021850586
2020-04-29,5233.398079872131,2297.0,76.46499633789062
2020-04-30,5188.216201782227,2297.0,75.25849914550781
2020-05-01,5109.9740924835205,2297.0,75.72000122070312
2020-05-04,5122.095739364624,2297.0,75.60050201416016
2020-05-05,5159.564176559448,2297.0,75.8499984741211
2020-05-06,5184.909915924072,2297.0,76.16999816894531
2020-05-07,5257.641899108887,2297.0,76.15129852294922
2020-05-08,5308.333903312683,2297.0,76.08000183105469
2020-05-11,5249.927932739258,2297.0,75.5250015258789
2020-05-12,5202.542214393616,2297.0,76.30999755859375
2020-05-13,5177.195949554443,2297.0,75.68000030517578
2020-05-14,5181.604155540466,2297.0,75.42620086669922
2020-05-15,5143.033798217773,2297.0,75.48500061035156
2020-05-18,5300.619936943054,2297.0,75.81999969482422
2020-05-19,5340.292214393616,2297.0,75.60009765625
2020-05-20,5438.369936943054,2297.0,76.0
2020-05-21,5404.207785606384,2297.0,75.77999877929688
2020-05-22,5309.435823440552,2297.0,75.625
2020-05-26,5374.453840255737,2297.0,76.11000061035156
2020-05-27,5295.109810829163,2297.0,75.81999969482422
2020-05-28,5318.252235412598,2297.0,76.12999725341797
2020-05-29,5348.006180763245,2297.0,75.95999908447266
2020-06-01,5453.797869682312,2297.0,75.51319885253906
2020-06-02,5497.877827644348,2297.0,75.7300033569336
2020-06-03,5502.286033630371,2297.0,75.06580352783203
2020-06-04,5494.572067260742,2297.0,75.54499816894531
2020-06-05,5635.627827644348,2297.0,75.49089813232422
2020-06-08,5664.2798528671265,2297.0,75.5177001953125
2020-06-09,5731.502235412598,2297.0,75.625
2020-06-10,5856.028142929077,2297.0,75.50980377197266
2020-06-11,5700.645844459534,2297.0,75.875
2020-06-12,5733.706075668335,2297.0,76.38999938964844
2020-06-15,5660.9740924835205,2297.0,75.95680236816406
2020-06-16,5655.463966369629,2297.0,75.97799682617188
2020-06-17,5712.768016815186,2297.0,76.65499877929688
2020-06-18,5710.564176559448,2297.0,76.55000305175781
2020-06-19,5763.460021018982,2297.0,76.40039825439453
2020-06-22,5852.721857070923,2297.0,76.2520980834961
2020-06-23,5862.640189170837,2297.0,75.78980255126953
2020-06-24,5841.702130317688,2297.0,75.60780334472656
2020-06-25,5868.149789810181,2297.0,75.97000122070312
2020-06-26,5889.08784866333,2297.0,75.53980255126953
2020-06-29,5905.618227005005,2297.0,75.61979675292969
2020-06-30,5980.554050445557,2297.0,75.69999694824219
2020-07-01,5988.268016815186,2297.0,75.75
2020-07-02,6024.634008407593,2297.0,75.45490264892578
2020-07-06,6096.264071464539,2297.0,74.6792984008789
2020-07-07,6143.649789810181,2297.0,74.60759735107422
2020-07-08,6203.158205986023,2297.0,75.125
2020-07-09,6232.91215133667,2297.0,74.93990325927734
2020-07-10,6362.948184967041,2297.0,75.33999633789062
2020-07-13,6484.167806625366,2297.0,75.15850067138672
2020-07-14,6426.86375617981,2297.0,75.44999694824219
2020-07-15,6326.582193374634,2297.0,75.57499694824219
2020-07-16,6360.743819236755,2297.0,75.1249008178711
2020-07-17,6364.05010509491,2297.0,75.17449951171875
2020-07-20,6388.293924331665,2297.0,74.89730072021484
2020-07-21,6481.963966369629,2297.0,74.98999786376953
2020-07-22,6410.333903312683,2297.0,74.7699966430664
2020-07-23,6445.597974777222,2297.0,74.81999969482422
2020-07-24,6351.927932739258,2297.0,74.80729675292969
2020-07-27,6365.152025222778,2297.0,74.75980377197266
2020-07-28,6402.619936943054,2297.0,75.0
2020-07-29,6403.721857070923,2297.0,75.08999633789062
2020-07-30,6401.518016815186,2297.0,74.8311996459961
2020-07-31,6301.235928535461,2297.0,74.98999786376953
2020-08-03,6409.231983184814,2297.0,74.91780090332031
2020-08-04,6368.457785606384,2297.0,75.33000183105469
2020-08-05,6416.945949554443,2297.0,75.25
2020-08-06,6403.721857070923,2297.0,74.8822021484375
2020-08-07,6150.261836051941,2297.0,74.8998031616211
2020-08-10,6300.134008407593,2297.0,75.0248031616211
2020-08-11,6329.88795375824,2297.0,75.0999984741211
2020-08-12,6362.948184967041,2297.0,74.9000015258789
2020-08-13,6180.015781402588,2297.0,74.77210235595703
2020-08-14,6294.623882293701,2297.0,75.02999877929688
2020-08-17,6387.192004203796,2297.0,74.90280151367188
2020-08-18,6548.083903312683,2297.0,75.0
2020-08-19,6653.876117706299,2297.0,74.79499816894531
2020-08-20,6545.880063056946,2297.0,74.966796875
2020-08-21,6421.354155540466,2297.0,74.9999008178711
2020-08-24,6441.189768791199,2297.0,74.92179870605469
2020-08-25,6459.923987388611,2297.0,74.4000015258789
2020-08-26,6522.738163948059,2297.0,74.45249938964844
2020-08-27,6534.859810829163,2297.0,74.24009704589844
2020-08-28,6600.979747772217,2297.0,73.77449798583984
2020-08-31,6702.36375617981,2297.0,73.12830352783203
2020-09-01,6632.938058853149,2297.0,73.66999816894531
2020-09-02,6618.61204624176,2297.0,73.2699966430664
2020-09-03,6519.431878089905,2297.0,73.24849700927734
2020-09-04,6714.485928535461,2297.0,73.4478988647461
2020-09-08,6639.55010509491,2297.0,73.6500015258789
2020-09-09,6700.159915924072,2297.0,73.78679656982422
2020-09-10,6583.347974777222,2297.0,73.55000305175781
2020-09-11,6686.935823440552,2297.0,73.52729797363281
2020-09-14,6758.565886497498,2297.0,73.47859954833984
2020-09-15,6750.851920127869,2297.0,73.61499786376953
2020-09-16,6739.832193374634,2297.0,73.80000305175781
2020-09-17,6758.565886497498,2297.0,73.55069732666016
2020-09-18,6862.154260635376,2297.0,73.58360290527344
2020-09-21,6677.018016815186,2297.0,73.53479766845703
2020-09-22,6742.036033630371,2297.0,73.57980346679688
2020-09-23,6597.673987388611,2297.0,73.50299835205078
2020-09-24,6543.6762228012085,2297.0,73.77839660644531
2020-09-25,6552.492109298706,2297.0,73.68240356445312
2020-09-28,6588.858100891113,2297.0,73.69930267333984
2020-09-29,6575.634008407593,2297.0,73.9749984741211
2020-09-30,6674.814176559448,2297.0,73.84500122070312
2020-10-01,6311.154260635376,2297.0,73.70500183105469
2020-10-02,6564.61375617981,2297.0,73.21700286865234
2020-10-05,6534.859810829163,2297.0,73.32240295410156
2020-10-06,6535.96225643158,2297.0,73.1082992553711
2020-10-07,6688.03774356842,2297.0,73.81500244140625
2020-10-08,6704.568121910095,2297.0,73.5425033569336
2020-10-09,6787.217911720276,2297.0,73.28050231933594
2020-10-12,6746.444239616394,2297.0,73.01480102539062
2020-10-13,6705.670042037964,2297.0,73.35079956054688
2020-10-14,6716.689768791199,2297.0,73.62000274658203
2020-10-15,6794.931878089905,2297.0,73.29620361328125
2020-10-16,6755.260126113892,2297.0,73.37100219726562
2020-10-19,6790.52419757843,2297.0,73.44380187988281
2020-10-20,6928.27419757843,2297.0,73.57499694824219
2020-10-21,7040.677932739258,2297.0,73.64749908447266
2020-10-22,6942.600210189819,2297.0,73.6812973022461
2020-10-23,6888.601920127869,2297.0,73.72000122070312
2020-10-26,6807.054050445557,2297.0,73.8228988647461
2020-10-27,6810.359810829163,2297.0,73.94850158691406
2020-10-28,6737.627827644348,2297.0,73.80500030517578
2020-10-29,6726.608100891113,2297.0,74.44000244140625
2020-10-30,6707.873882293701,2297.0,74.26399993896484
2020-11-02,6773.993819236755,2297.0,74.55049896240234
2020-11-03,6803.747764587402,2297.0,74.45680236816406
2020-11-04,6834.604155540466,2297.0,74.65560150146484
2020-11-05,6842.318121910095,2297.0,74.37999725341797
2020-11-06,6940.395844459534,2297.0,74.12000274658203
2020-11-09,6945.905970573425,2297.0,73.97979736328125
2020-11-10,6943.702130317688,2297.0,73.95320129394531
2020-11-11,6896.315886497498,2297.0,74.28160095214844
2020-11-12,6927.171751976013,2297.0,74.56999969482422
2020-11-13,6998.801815032959,2297.0,74.86499786376953
2020-11-16,7096.880063056946,2297.0,74.48770141601562
2020-11-17,7045.086138725281,2297.0,74.41809844970703
2020-11-18,7048.391899108887,2297.0,74.47969818115234
2020-11-19,7060.514071464539,2297.0,74.41999816894531
2020-11-20,7258.873882293701,2297.0,74.09960174560547
2020-11-23,7183.938058853149,2297.0,74.16239929199219
2020-11-24,7273.19989490509,2297.0,74.24490356445312
2020-11-25,7299.648079872131,2297.0,73.96080017089844
2020-11-27,7492.497764587402,2297.0,74.04879760742188
2020-11-30,7538.782088279724,2297.0,73.94090270996094
2020-12-01,7643.471857070923,2297.0,74.02519989013672
2020-12-02,7658.899789810181,2297.0,73.65499877929688
2020-12-03,7667.716201782227,2297.0,73.66259765625
2020-12-04,7744.855865478516,2297.0,73.86489868164062
2020-12-07,7732.734218597412,2297.0,73.79029846191406
2020-12-08,7700.7759075164795,2297.0,74.0199966430664
2020-12-09,7731.631772994995,2297.0,73.72640228271484
2020-12-10,7869.381772994995,2297.0,73.93499755859375
2020-12-11,7766.895844459534,2297.0,73.72669982910156
2020-12-14,7762.488163948059,2297.0,73.73799896240234
2020-12-15,7797.752235412598,2297.0,73.86000061035156
2020-12-16,7833.015781402588,2297.0,73.75980377197266
2020-12-17,7927.78774356842,2297.0,73.6166000366211
2020-12-18,7997.213966369629,2297.0,73.52980041503906
2020-12-21,7874.891899108887,2297.0,73.60359954833984
2020-12-22,7753.671751976013,2297.0,73.935302734375
2020-12-23,7828.608100891113,2297.0,74.2699966430664
2020-12-24,7846.239873886108,2297.0,73.83979797363281
2020-12-28,7868.2798528671265,2297.0,73.68900299072266
2020-12-29,7830.811941146851,2297.0,73.5448989868164
2020-12-30,7808.7719621658325,2297.0,73.45359802246094
2020-12-31,7744.855865478516,2297.0,73.13400268554688
2021-01-04,7830.811941146851,2297.0,73.09200286865234
2021-01-05,8023.66215133667,2297.0,73.31999969482422
2021-01-06,8044.600210189819,2297.0,73.37480163574219
2021-01-07,8144.881772994995,2297.0,73.36000061035156
2021-01-08,8096.394134521484,2297.0,73.44599914550781
2021-01-11,7855.055760383606,2297.0,73.37339782714844
2021-01-12,7945.420042037964,2297.0,73.51349639892578
2021-01-13,7971.868227005005,2297.0,73.16500091552734
2021-01-14,8084.2719621658325,2297.0,73.1698989868164
2021-01-15,7941.011836051941,2297.0,73.08760070800781
2021-01-19,8013.743819236755,2297.0,73.1886978149414
2021-01-20,8039.090084075928,2297.0,73.19190216064453
2021-01-21,8056.721857070923,2297.0,72.91089630126953
2021-01-22,8012.641899108887,2297.0,72.95490264892578
2021-01-25,8023.66215133667,2297.0,72.99590301513672
2021-01-26,7996.11204624176,2297.0,72.97000122070312
2021-01-27,7871.586138725281,2297.0,72.91999816894531
2021-01-28,7896.931878089905,2297.0,73.03710174560547
2021-01-29,7875.993819236755,2297.0,72.93879699707031
2021-02-01,7850.648079872131,2297.0,72.90660095214844
2021-02-02,7799.956075668335,2297.0,73.11979675292969
2021-02-03,7887.014071464539,2297.0,72.91629791259766
2021-02-04,7859.463966369629,2297.0,72.85800170898438
2021-02-05,8020.355865478516,2297.0,72.9457015991211
2021-02-08,8108.515781402588,2297.0,72.78479766845703
2021-02-09,8228.634008407593,2297.0,72.92990112304688
2021-02-10,8343.242109298706,2297.0,72.85489654541016
2021-02-11,8347.64978981018,2297.0,72.80729675292969
2021-02-12,8379.608100891113,2297.0,72.70950317382812
2021-02-16,8480.992109298706,2297.0,72.63870239257812
2021-02-17,8454.543924331665,2297.0,72.93499755859375
2021-02-18,8631.966201782227,2297.0,72.79730224609375
2021-02-19,9014.360336303711,2297.0,72.60540008544922
2021-02-22,9152.110336303711,2297.0,72.5530014038086
2021-02-23,9229.25,2297.0,72.44400024414062
2021-02-24,9479.404260635376,2297.0,72.37699890136719
2021-02-25,9402.26354598999,2297.0,72.4000015258789
2021-02-26,9024.278142929077,2297.0,73.1509017944336
2021-03-01,9079.378353118896,2297.0,73.59590148925781
2021-03-02,9326.226327896118,2297.0,73.30940246582031
2021-03-03,9153.211730957031,2297.0,73.27749633789062
2021-03-04,8796.16386127472,2297.0,72.88069915771484
2021-03-05,9007.747764587402,2297.0,73.13179779052734
2021-03-08,9044.11375617981,2297.0,73.1333999633789
2021-03-09,8858.97751235962,2297.0,73.33000183105469
2021-03-10,8908.567596435547,2297.0,72.7759017944336
2021-03-11,9131.172277450562,2297.0,72.70600128173828
2021-03-12,9136.682403564453,2297.0,72.63899993896484
2021-03-15,9138.88624382019,2297.0,72.68299865722656
2021-03-16,8990.115991592407,2297.0,72.51529693603516
2021-03-17,9098.111520767212,2297.0,72.5156021118164
2021-03-18,9073.868227005005,2297.0,72.29560089111328
2021-03-19,9088.193714141846,2297.0,72.6688003540039
2021-03-22,9144.396369934082,2297.0,72.40499877929688
2021-03-23,9009.95160484314,2297.0,72.38050079345703
2021-03-24,8973.585613250732,2297.0,72.61219787597656
2021-03-25,8782.939768791199,2297.0,72.64559936523438
2021-03-26,8989.01354598999,2297.0,72.61280059814453
2021-03-29,8910.77248764038,2297.0,72.44719696044922
2021-03-30,8778.532088279724,2297.0,72.74189758300781
2021-03-31,8822.611520767212,2297.0,73.44529724121094
2021-04-01,8823.713966369629,2297.0,73.20349884033203
2021-04-05,9144.396369934082,2297.0,73.3759994506836
2021-04-06,9094.806285858154,2297.0,73.27950286865234
2021-04-07,8957.056285858154,2297.0,73.48999786376953
2021-04-08,9044.11375617981,2297.0,74.40149688720703
2021-04-09,8927.301815032959,2297.0,74.54450225830078
2021-04-12,8882.120462417603,2297.0,74.72949981689453
2021-04-13,8910.77248764038,2297.0,74.99099731445312
2021-04-14,9124.559705734253,2297.0,75.18150329589844
2021-04-15,9324.02248764038,2297.0,75.0261001586914
2021-04-16,9212.719621658325,2297.0,74.72740173339844
2021-04-19,9367.0,2297.0,74.56320190429688
2021-04-20,9309.695949554443,2297.0,74.8781967163086
2021-04-21,9447.445949554443,2297.0,75.44920349121094
2021-04-22,9434.221857070923,2297.0,75.42949676513672
2021-04-23,9571.971857070923,2297.0,75.0916976928711
2021-04-26,9803.391899108887,2297.0,74.86810302734375
2021-04-27,10453.572067260742,2297.0,74.81490325927734
2021-04-28,9999.54839515686,2297.0,74.57499694824219
2021-04-29,9902.572067260742,2297.0,74.31179809570312
2021-04-30,9871.716201782227,2297.0,74.10579681396484
2021-05-03,10012.77248764038,2297.0,74.09480285644531
2021-05-04,9997.343503952026,2297.0,73.8375015258789
2021-05-05,10003.956075668335,2297.0,73.77890014648438
2021-05-06,10180.27590751648,2297.0,73.79940032958984
2021-05-07,10504.26354598999,2297.0,73.61519622802734
2021-05-10,10432.634008407593,2297.0,73.29029846191406
2021-05-11,10531.814176559448,2297.0,73.5
2021-05-12,10474.510126113892,2297.0,73.3750991821289
2021-05-13,10370.922277450562,2297.0,73.68160247802734
2021-05-14,10279.456075668335,2297.0,73.44490051269531
2021-05-17,10406.185823440552,2297.0,73.27890014648438
2021-05-18,10437.041688919067,2297.0,73.26969909667969
2021-05-19,10115.257890701294,2297.0,73.1281967163086
2021-05-20,10098.72751235962,2297.0,73.222900390625
2021-05-21,9909.183588027954,2297.0,73.02189636230469
2021-05-24,10009.466201782227,2297.0,72.90979766845703
2021-05-25,9966.48763847351,2297.0,72.83660125732422
2021-05-26,9990.731983184814,2297.0,72.80490112304688
2021-05-27,10284.966201782227,2297.0,72.67250061035156
2021-05-28,10320.229747772217,2297.0,72.68299865722656
2021-06-01,10275.04839515686,2297.0,72.48719787597656
2021-06-02,10138.39978981018,2297.0,72.8550033569336
2021-06-03,9855.185823440552,2297.0,72.96510314941406
2021-06-04,10000.64978981018,2297.0,73.04419708251953
2021-06-07,9995.139663696289,2297.0,72.90969848632812
2021-06-08,10056.852445602417,2297.0,72.80940246582031
2021-06-09,9998.445949554443,2297.0,72.97530364990234
2021-06-10,9895.959495544434,2297.0,72.98529815673828
2021-06-11,10009.466201782227,2297.0,73.01229858398438
2021-06-14,9988.528142929077,2297.0,73.23159790039062
2021-06-15,9565.360336303711,2297.0,73.18080139160156
2021-06-16,9681.069831848145,2297.0,73.3447036743164
2021-06-17,9222.638479232788,2297.0,73.8240966796875
2021-06-18,9174.14978981018,2297.0,74.25389862060547
2021-06-21,9229.25,2297.0,74.1438980102539
2021-06-22,9332.83784866333,2297.0,74.13520050048828
2021-06-23,9545.523672103882,2297.0,74.33219909667969
2021-06-24,9502.546159744263,2297.0,74.24690246582031
2021-06-25,9474.995529174805,2297.0,74.19029998779297
2021-06-28,9428.711730957031,2297.0,74.21299743652344
2021-06-29,9425.406496047974,2297.0,74.285400390625
2021-06-30,9469.48645401001,2297.0,74.28759765625
2021-07-01,9349.368227005005,2297.0,74.37100219726562
2021-07-02,9437.528142929077,2297.0,74.54499816894531
2021-07-06,9384.631772994995,2297.0,74.31780242919922
2021-07-07,9541.115991592407,2297.0,74.76290130615234
2021-07-08,9414.38624382019,2297.0,74.8218994140625
2021-07-09,9592.909915924072,2297.0,74.72139739990234
2021-07-12,9527.891899108887,2297.0,74.4905014038086
2021-07-13,9509.157680511475,2297.0,74.54170227050781
2021-07-14,9426.507890701294,2297.0,74.65910339355469
2021-07-15,9549.932403564453,2297.0,74.46910095214844
2021-07-16,9548.829957962036,2297.0,74.53700256347656
2021-07-19,9279.941478729248,2297.0,74.63179779052734
2021-07-20,9418.793924331665,2297.0,74.99340057373047
2021-07-21,9438.629537582397,2297.0,74.5270004272461
2021-07-22,9582.992109298706,2297.0,74.44020080566406
2021-07-23,9711.92569732666,2297.0,74.4520034790039
2021-07-26,10114.156496047974,2297.0,74.44889831542969
2021-07-27,10019.384008407593,2297.0,74.28949737548828
2021-07-28,9871.716201782227,2297.0,74.5022964477539
2021-07-29,9962.079957962036,2297.0,74.38999938964844
2021-07-30,9875.02248764038,2297.0,74.25199890136719
2021-08-02,9768.128353118896,2297.0,74.37909698486328
2021-08-03,9660.131772994995,2297.0,74.33200073242188
2021-08-04,9543.319831848145,2297.0,74.21440124511719
2021-08-05,9577.481983184814,2297.0,74.18399810791016
2021-08-06,9577.481983184814,2297.0,74.08200073242188
2021-08-09,9448.54839515686,2297.0,74.49140167236328
2021-08-10,9590.706075668335,2297.0,74.46620178222656
2021-08-11,9618.255655288696,2297.0,74.43550109863281
2021-08-12,9600.623882293701,2297.0,74.10299682617188
2021-08-13,9668.948184967041,2297.0,74.26010131835938
2021-08-16,9525.68805885315,2297.0,74.216796875
2021-08-17,9256.799579620361,2297.0,74.13500213623047
2021-08-18,9071.664386749268,2297.0,74.364501953125
2021-08-19,8900.853630065918,2297.0,74.2697982788086
2021-08-20,9112.43805885315,2297.0,74.4292984008789
2021-08-23,9332.83784866333,2297.0,74.30149841308594
2021-08-24,9378.020252227783,2297.0,74.10590362548828
2021-08-25,9400.059705734253,2297.0,74.1447982788086
2021-08-26,9358.183588027954,2297.0,74.0999984741211
2021-08-27,9513.566411972046,2297.0,74.15599822998047
2021-08-30,9611.644134521484,2297.0,73.49659729003906
2021-08-31,9609.440294265747,2297.0,73.41120147705078
2021-09-01,9395.652025222778,2297.0,72.99669647216797
2021-09-02,9455.159915924072,2297.0,72.98509979248047
2021-09-03,9533.402025222778,2297.0,73.0542984008789
2021-09-07,9427.610336303711,2297.0,73.11000061035156
2021-09-08,9327.327722549438,2297.0,73.3904037475586
2021-09-09,9440.834428787231,2297.0,73.78900146484375
2021-09-10,9803.391899108887,2297.0,73.53800201416016
2021-09-13,9617.154260635376,2297.0,73.52429962158203
2021-09-14,9516.871646881104,2297.0,73.54080200195312
2021-09-15,9705.314176559448,2297.0,73.65080261230469
2021-09-16,9429.814176559448,2297.0,73.43800354003906
2021-09-17,9357.082193374634,2297.0,73.56490325927734
2021-09-20,9073.868227005005,2297.0,73.69609832763672
2021-09-21,9098.111520767212,2297.0,73.65899658203125
2021-09-22,9372.510126113892,2297.0,73.7927017211914
2021-09-23,9325.123882293701,2297.0,73.8749008178711
2021-09-24,9449.64978981018,2297.0,73.83999633789062
2021-09-27,9462.873882293701,2297.0,73.81289672851562
2021-09-28,9355.979747772217,2297.0,73.82530212402344
2021-09-29,9256.799579620361,2297.0,74.16329956054688
2021-09-30,9014.360336303711,2297.0,74.3219985961914
2021-10-01,9242.47409248352,2297.0,74.25440216064453
2021-10-04,9359.286033630371,2297.0,74.152099609375
2021-10-05,9261.208311080933,2297.0,74.57279968261719
2021-10-06,9162.028142929077,2297.0,74.56320190429688
2021-10-07,9369.203840255737,2297.0,74.76000213623047
2021-10-08,9439.731983184814,2297.0,74.83000183105469
2021-10-11,9641.397554397583,2297.0,75.30580139160156
2021-10-12,9541.115991592407,2297.0,75.40260314941406
2021-10-13,9963.182403564453,2297.0,75.48390197753906
2021-10-14,10207.82548713684,2297.0,75.3062973022461
2021-10-15,10433.73645401001,2297.0,74.99500274658203
2021-10-18,10426.02248764038,2297.0,75.00589752197266
2021-10-19,10389.656496047974,2297.0,75.2354965209961
2021-10-20,10482.22409248352,2297.0,75.12010192871094
2021-10-21,10108.646369934082,2297.0,74.80919647216797
2021-10-22,9975.304050445557,2297.0,74.86540222167969
2021-10-25,10031.505655288696,2297.0,74.99369812011719
2021-10-26,9888.245529174805,2297.0,75.08989715576172
2021-10-27,9668.948184967041,2297.0,74.88890075683594
2021-10-28,9780.25,2297.0,75.05000305175781
2021-10-29,9643.602445602417,2297.0,74.79720306396484
2021-11-01,9702.007890701294,2297.0,74.92829895019531
2021-11-02,9640.296159744263,2297.0,74.82990264892578
2021-11-03,9534.504470825195,2297.0,74.71199798583984
2021-11-04,9534.504470825195,2297.0,74.43550109863281
2021-11-05,9585.195949554443,2297.0,74.47810363769531
2021-11-08,9708.620462417603,2297.0,74.19110107421875
2021-11-09,9653.520252227783,2297.0,73.91850280761719
2021-11-10,9538.91215133667,2297.0,74.17479705810547
2021-11-11,9707.518016815186,2297.0,74.40489959716797
2021-11-12,9819.922277450562,2297.0,74.32209777832031
2021-11-15,9713.028142929077,2297.0,74.33999633789062
2021-11-16,9606.134008407593,2297.0,74.43509674072266
2021-11-17,9417.691478729248,2297.0,74.45860290527344
2021-11-18,9499.239873886108,2297.0,74.25980377197266
2021-11-19,9716.334428787231,2297.0,74.17440032958984
2021-11-22,9687.682403564453,2297.0,74.30259704589844
2021-11-23,9749.394134521484,2297.0,74.42980194091797
2021-11-24,9825.432403564453,2297.0,74.4469985961914
2021-11-26,9436.42569732666,2297.0,74.50579833984375
2021-11-29,9558.747764587402,2297.0,74.98159790039062
2021-11-30,9428.711730957031,2297.0,75.05490112304688
2021-12-01,9361.489873886108,2297.0,75.0509033203125
2021-12-02,9474.995529174805,2297.0,75.01789855957031
2021-12-03,9403.365991592407,2297.0,74.9834976196289
2021-12-06,9558.747764587402,2297.0,75.23400115966797
2021-12-07,9560.95160484314,2297.0,75.39129638671875
2021-12-08,9677.76354598999,2297.0,75.40859985351562
2021-12-09,9543.319831848145,2297.0,75.38330078125
2021-12-10,9439.731983184814,2297.0,75.59919738769531
2021-12-13,9433.120462417603,2297.0,75.70999908447266
2021-12-14,9375.816411972046,2297.0,75.82689666748047
2021-12-15,9211.618227005005,2297.0,76.04720306396484
2021-12-16,9478.301815032959,2297.0,76.2114028930664
2021-12-17,9457.36375617981,2297.0,76.1675033569336
2021-12-20,9450.752235412598,2297.0,76.00599670410156
2021-12-21,9560.95160484314,2297.0,75.75869750976562
2021-12-22,9674.458311080933,2297.0,75.6864013671875
2021-12-23,9668.948184967041,2297.0,75.45850372314453
2021-12-27,9840.860336303711,2297.0,75.31500244140625
2021-12-28,9741.680168151855,2297.0,74.98030090332031
2021-12-29,9702.007890701294,2297.0,74.74500274658203
2021-12-30,9663.43805885315,2297.0,74.57029724121094
2021-12-31,9818.819831848145,2297.0,74.43119812011719
2022-01-03,9729.558521270752,2297.0,74.51380157470703
2022-01-04,9843.064176559448,2297.0,74.4032974243164
2022-01-05,9707.518016815186,2297.0,74.53489685058594
2022-01-06,9582.992109298706,2297.0,74.43009948730469
2022-01-07,9704.211730957031,2297.0,74.41929626464844
2022-01-10,9575.278142929077,2297.0,74.2699966430664
2022-01-11,9742.781562805176,2297.0,74.05699920654297
2022-01-12,10059.056285858154,2297.0,73.81529998779297
2022-01-13,9992.935823440552,2297.0,73.79910278320312
2022-01-14,9722.945949554443,2297.0,73.97229766845703
2022-01-18,9644.703840255737,2297.0,74.25509643554688
2022-01-19,9835.35021018982,2297.0,74.61969757080078
2022-01-20,10086.605865478516,2297.0,74.44920349121094
2022-01-21,9945.549579620361,2297.0,74.45220184326172
2022-01-24,9704.211730957031,2297.0,74.41320037841797
2022-01-25,9792.371646881104,2297.0,74.6447982788086
2022-01-26,9927.917806625366,2297.0,74.77999877929688
2022-01-27,9726.252235412598,2297.0,74.8949966430664
2022-01-28,9483.81194114685,2297.0,75.20929718017578
2022-01-31,9516.871646881104,2297.0,75.03900146484375
2022-02-01,9761.515781402588,2297.0,74.55580139160156
2022-02-02,9898.164386749268,2297.0,74.74549865722656
2022-02-03,9844.165571212769,2297.0,74.82240295410156
2022-02-04,9881.634008407593,2297.0,74.6438980102539
2022-02-07,9833.146369934082,2297.0,74.64219665527344
2022-02-08,9828.73763847351,2297.0,74.6583023071289
2022-02-09,10139.502235412598,2297.0,74.69519805908203
2022-02-10,10265.129537582397,2297.0,74.80889892578125
2022-02-11,9929.020252227783,2297.0,75.53839874267578
2022-02-14,9934.530378341675,2297.0,75.34100341796875
2022-02-15,9987.42569732666,2297.0,75.6854019165039
2022-02-16,10007.26236152649,2297.0,75.17479705810547
2022-02-17,9973.10021018982,2297.0,75.04199981689453
2022-02-18,9960.97751235962,2297.0,75.06300354003906
2022-02-22,9940.040504455566,2297.0,74.51699829101562
2022-02-23,9877.226327896118,2297.0,74.62300109863281
2022-02-24,9816.615991592407,2297.0,74.63300323486328
2022-02-25,9856.288269042969,2297.0,75.4083023071289
2022-02-28,9795.677932739258,2297.0,75.06800079345703
2022-03-01,10108.646369934082,2297.0,75.28479766845703
2022-03-02,10260.721857070923,2297.0,75.80120086669922
2022-03-03,10516.38624382019,2297.0,75.63099670410156
2022-03-04,10863.515781402588,2297.0,75.8917007446289
2022-03-07,10407.288269042969,2297.0,76.41799926757812
2022-03-08,10359.902025222778,2297.0,77.08080291748047
2022-03-09,10059.056285858154,2297.0,76.91449737548828
2022-03-10,10234.273672103882,2297.0,76.13490295410156
2022-03-11,10173.664386749268,2297.0,76.310302734375
2022-03-14,9945.549579620361,2297.0,76.75370025634766
2022-03-15,9921.306285858154,2297.0,76.49009704589844
2022-03-16,10111.95160484314,2297.0,76.26589965820312
2022-03-17,10337.861520767212,2297.0,76.02420043945312
2022-03-18,10426.02248764038,2297.0,75.98159790039062
2022-03-21,10362.105865478516,2297.0,75.94640350341797
2022-03-22,10334.556285858154,2297.0,76.30709838867188
2022-03-23,10496.549579620361,2297.0,76.10189819335938
2022-03-24,10422.716201782227,2297.0,76.55239868164062
2022-03-25,10327.943714141846,2297.0,76.32350158691406
2022-03-28,10389.656496047974,2297.0,76.27850341796875
2022-03-29,10395.165571212769,2297.0,76.03410339355469
2022-03-30,10445.858100891113,2297.0,75.66670227050781
2022-03-31,10453.572067260742,2297.0,75.82779693603516
2022-04-01,10320.229747772217,2297.0,75.9092025756836
2022-04-04,10527.406496047974,2297.0,75.99479675292969
2022-04-05,10559.36375617981,2297.0,75.47799682617188
2022-04-06,10432.634008407593,2297.0,75.45069885253906
2022-04-07,10347.780378341675,2297.0,75.94509887695312
2022-04-08,10402.879537582397,2297.0,75.91320037841797
2022-04-11,10201.213966369629,2297.0,75.91729736328125
2022-04-12,10367.615991592407,2297.0,75.83699798583984
2022-04-13,10374.22751235962,2297.0,76.1498031616211
2022-04-14,10396.268016815186,2297.0,76.12169647216797
2022-04-18,10570.384008407593,2297.0,76.3313980102539
2022-04-19,10389.656496047974,2297.0,76.28019714355469
2022-04-20,10247.497764587402,2297.0,76.44539642333984
2022-04-21,10366.51354598999,2297.0,76.27619934082031
2022-04-22,10099.829957962036,2297.0,76.28520202636719
2022-04-25,9805.595739364624,2297.0,76.4635009765625
2022-04-26,9785.760126113892,2297.0,76.52780151367188
2022-04-27,9817.718437194824,2297.0,76.79409790039062
2022-04-28,9727.353630065918,2297.0,76.47219848632812
2022-04-29,9686.579957962036,2297.0,76.58899688720703
2022-05-02,9379.121646881104,2297.0,76.52310180664062
2022-05-03,9413.283798217773,2297.0,76.52410125732422
2022-05-04,9540.01354598999,2297.0,76.46730041503906
2022-05-05,9444.139663696289,2297.0,76.00160217285156
2022-05-06,9392.345739364624,2297.0,76.54180145263672
2022-05-09,9241.371646881104,2297.0,76.9574966430664
2022-05-10,9156.518016815186,2297.0,77.3655014038086
2022-05-11,9284.35021018982,2297.0,77.27140045166016
2022-05-12,9047.420042037964,2297.0,77.41840362548828
2022-05-13,9213.822067260742,2297.0,77.44380187988281
2022-05-16,9249.085613250732,2297.0,77.48629760742188
2022-05-17,9343.858100891113,2297.0,77.8053970336914
2022-05-18,9217.128353118896,2297.0,77.37239837646484
2022-05-19,9444.139663696289,2297.0,77.81999969482422
2022-05-20,9435.32430267334,2297.0,77.42109680175781
2022-05-23,9581.889663696289,2297.0,77.81839752197266
2022-05-24,9533.402025222778,2297.0,77.52680206298828
2022-05-25,9426.507890701294,2297.0,77.47879791259766
2022-05-26,9378.020252227783,2297.0,77.49729919433594
2022-05-27,9486.015781402588,2297.0,77.63020324707031
2022-05-31,9466.180168151855,2297.0,77.5208969116211
2022-06-01,9543.319831848145,2297.0,77.5989990234375
2022-06-02,10037.015781402588,2297.0,77.58409881591797
2022-06-03,9868.409915924072,2297.0,77.3604965209961
2022-06-06,9784.657680511475,2297.0,77.69419860839844
2022-06-07,9784.657680511475,2297.0,77.82099914550781
2022-06-08,9826.533798217773,2297.0,77.67060089111328
2022-06-09,9673.355865478516,2297.0,77.72429656982422
2022-06-10,9479.404260635376,2297.0,77.8187026977539
2022-06-13,9293.165571212769,2297.0,78.17759704589844
2022-06-14,9171.945949554443,2297.0,78.16059875488281
2022-06-15,9185.170042037964,2297.0,77.9854965209961
2022-06-16,9062.847974777222,2297.0,77.90019989013672
2022-06-17,8854.569831848145,2297.0,77.97769927978516
2022-06-21,8910.77248764038,2297.0,77.93399810791016
2022-06-22,8709.105865478516,2297.0,78.13490295410156
2022-06-23,8283.734218597412,2297.0,78.19309997558594
2022-06-24,8287.039978981018,2297.0,78.14240264892578
2022-06-27,8328.916096687317,2297.0,78.2522964477539
2022-06-28,8339.935823440552,2297.0,78.44110107421875
2022-06-29,8328.916096687317,2297.0,79.07319641113281
2022-06-30,8186.757890701294,2297.0,78.89830017089844
2022-07-01,7976.2759075164795,2297.0,78.96299743652344
2022-07-05,7548.69989490509,2297.0,78.93949890136719
2022-07-06,7533.2719621658325,2297.0,79.36840057373047
2022-07-07,7894.7280378341675,2297.0,79.04389953613281
2022-07-08,7784.528142929077,2297.0,79.22160339355469
2022-07-11,7576.25,2297.0,79.3313980102539
2022-07-12,7265.485928535461,2297.0,79.47779846191406
2022-07-13,7329.402025222778,2297.0,79.47640228271484
2022-07-14,7075.942004203796,2297.0,79.80750274658203
2022-07-15,7128.83784866333,2297.0,79.87830352783203
2022-07-18,7378.992109298706,2297.0,79.72049713134766
2022-07-19,7254.466201782227,2297.0,80.0302963256836
2022-07-20,7338.217911720276,2297.0,79.85590362548828
2022-07-21,7277.608100891113,2297.0,80.00340270996094
2022-07-22,7380.094029426575,2297.0,79.7759017944336
2022-07-25,7385.604155540466,2297.0,79.87680053710938
2022-07-26,7455.0298528671265,2297.0,79.72250366210938
2022-07-27,7558.618227005005,2297.0,79.84120178222656
2022-07-28,7658.899789810181,2297.0,79.84739685058594
2022-07-29,7899.13624382019,2297.0,79.57150268554688
2022-08-01,7828.608100891113,2297.0,79.1948013305664
2022-08-02,7767.997764587402,2297.0,78.95570373535156
2022-08-03,7646.778142929077,2297.0,78.60449981689453
2022-08-04,7676.532088279724,2297.0,79.11830139160156
2022-08-05,7830.811941146851,2297.0,79.15489959716797
2022-08-08,7906.850210189819,2297.0,79.41059875488281
2022-08-09,7917.869936943054,2297.0,79.60189819335938
2022-08-10,8056.721857070923,2297.0,79.57839965820312
2022-08-11,8177.942004203796,2297.0,79.0978012084961
2022-08-12,8101.904260635376,2297.0,79.61399841308594
2022-08-15,7998.315886497498,2297.0,79.62760162353516
2022-08-16,8014.845739364624,2297.0,79.55290222167969
2022-08-17,7929.992109298706,2297.0,79.14600372314453
2022-08-18,8036.88624382019,2297.0,79.35970306396484
2022-08-19,8118.434113502502,2297.0,79.7667007446289
2022-08-22,8089.782088279724,2297.0,79.91790008544922
2022-08-23,8164.717911720276,2297.0,79.88379669189453
2022-08-24,8067.742109298706,2297.0,79.85449981689453
2022-08-25,8177.942004203796,2297.0,79.79679870605469
2022-08-26,8180.145844459534,2297.0,79.88289642333984
2022-08-29,7992.805760383606,2297.0,79.95909881591797
2022-08-30,7813.1801681518555,2297.0,79.96790313720703
2022-08-31,7754.77419757843,2297.0,79.68229675292969
2022-09-01,7525.557995796204,2297.0,79.54879760742188
2022-09-02,7540.985928535461,2297.0,79.716796875
2022-09-06,7645.6762228012085,2297.0,79.78299713134766
2022-09-07,7577.351920127869,2297.0,79.89510345458984
2022-09-08,7793.344029426575,2297.0,79.6498031616211
2022-09-09,7892.52419757843,2297.0,79.706298828125
2022-09-12,7990.601920127869,2297.0,79.65579986572266
2022-09-13,7892.52419757843,2297.0,79.35530090332031
2022-09-14,7814.282088279724,2297.0,79.60240173339844
2022-09-15,7765.793924331665,2297.0,79.45369720458984
2022-09-16,7848.444239616394,2297.0,79.8490982055664
2022-09-19,7840.729747772217,2297.0,79.68949890136719
2022-09-20,7819.792214393616,2297.0,79.7074966430664
2022-09-21,7740.448184967041,2297.0,79.76270294189453
2022-09-22,7710.694239616394,2297.0,80.05069732666016
2022-09-23,7430.786033630371,2297.0,81.06220245361328
2022-09-26,7302.953840255737,2297.0,81.25479888916016
2022-09-27,7323.891899108887,2297.0,81.61579895019531
2022-09-28,7453.927932739258,2297.0,81.72460174560547
2022-09-29,7581.760126113892,2297.0,81.42870330810547
2022-09-30,7586.167806625366,2297.0,81.48059844970703
2022-10-03,7621.431878089905,2297.0,81.52130126953125
2022-10-04,7753.671751976013,2297.0,81.49500274658203
2022-10-05,7785.630063056946,2297.0,81.46549987792969
2022-10-06,7658.899789810181,2297.0,81.6488037109375
2022-10-07,7521.149789810181,2297.0,82.3489990234375
2022-10-10,7611.514071464539,2297.0,82.8322982788086
2022-10-11,7665.511836051941,2297.0,82.42070007324219
2022-10-12,7591.677932739258,2297.0,82.2739028930664
2022-10-13,7642.369936943054,2297.0,82.19999694824219
2022-10-14,7604.902025222778,2297.0,82.19210052490234
2022-10-17,7615.921751976013,2297.0,82.41280364990234
2022-10-18,7507.9262228012085,2297.0,82.1947021484375
2022-10-19,7406.542214393616,2297.0,82.2863998413086
2022-10-20,7606.003945350647,2297.0,82.99700164794922
2022-10-21,7764.692004203796,2297.0,82.82569885253906
2022-10-24,7668.818121910095,2297.0,82.54129791259766
2022-10-25,7604.902025222778,2297.0,82.7614974975586
2022-10-26,7999.417806625366,2297.0,82.44529724121094
2022-10-27,7990.601920127869,2297.0,82.04959869384766
2022-10-28,7639.064176559448,2297.0,82.44249725341797
2022-10-31,7523.354155540466,2297.0,82.23919677734375
2022-11-01,7734.938058853149,2297.0,82.72899627685547
2022-11-02,7726.122172355652,2297.0,82.68450164794922
2022-11-03,7618.126117706299,2297.0,82.88839721679688
2022-11-04,8186.757890701294,2297.0,82.68180084228516
2022-11-07,7999.417806625366,2297.0,81.9749984741211
2022-11-08,8166.921751976013,2297.0,81.82599639892578
2022-11-09,8246.265781402588,2297.0,81.40519714355469
2022-11-10,8366.384008407593,2297.0,81.34380340576172
2022-11-11,8708.003945350647,2297.0,80.48290252685547
2022-11-14,8496.420042037964,2297.0,80.49700164794922
2022-11-15,8462.257890701294,2297.0,80.99199676513672
2022-11-16,8348.752235412598,2297.0,81.07140350341797
2022-11-17,8131.658205986023,2297.0,81.49530029296875
2022-11-18,8004.927932739258,2297.0,81.52490234375
2022-11-21,7871.586138725281,2297.0,81.5198974609375
2022-11-22,7966.358100891113,2297.0,81.72769927978516
2022-11-23,7972.9701471328735,2297.0,81.71499633789062
2022-11-25,7992.805760383606,2297.0,81.65540313720703
2022-11-28,7957.542214393616,2297.0,81.6697006225586
2022-11-29,8000.520252227783,2297.0,81.65029907226562
2022-11-30,8219.818121910095,2297.0,81.63089752197266
2022-12-01,8406.055760383606,2297.0,81.3052978515625
2022-12-02,8480.992109298706,2297.0,81.16220092773438
2022-12-05,8352.057995796204,2297.0,81.42250061035156
2022-12-06,8400.546159744263,2297.0,81.89900207519531
2022-12-07,8497.521962165833,2297.0,82.37220001220703
2022-12-08,8552.622172355652,2297.0,82.25350189208984
2022-12-09,8542.703840255737,2297.0,82.2791976928711
2022-12-12,8371.894134521484,2297.0,82.41300201416016
2022-12-13,8462.257890701294,2297.0,82.64469909667969
2022-12-14,8540.5,2297.0,82.40249633789062
2022-12-15,8293.652025222778,2297.0,82.50800323486328
2022-12-16,8290.345739364624,2297.0,82.85790252685547
2022-12-19,8337.731983184814,2297.0,82.72599792480469
2022-12-20,8369.689768791199,2297.0,82.58190155029297
2022-12-21,8388.42398738861,2297.0,82.63690185546875
2022-12-22,8268.305760383606,2297.0,82.87860107421875
2022-12-23,8381.81194114685,2297.0,82.8749008178711
2022-12-27,8449.033798217773,2297.0,82.90290069580078
2022-12-28,8445.728037834167,2297.0,82.7761001586914
2022-12-29,8421.484218597412,2297.0,82.85199737548828
2022-12-30,8387.322067260742,2297.0,82.83509826660156
2023-01-03,8300.264071464539,2297.0,82.70600128173828
2023-01-04,8241.858100891113,2297.0,82.78569793701172
2023-01-05,8414.872172355652,2297.0,82.66649627685547
2023-01-06,8614.333903312683,2297.0,82.64520263671875
2023-01-09,8856.773672103882,2297.0,82.27339935302734
2023-01-10,8963.667806625366,2297.0,82.18009948730469
2023-01-11,9156.518016815186,2297.0,81.63739776611328
2023-01-12,9225.943714141846,2297.0,81.63179779052734
2023-01-13,9273.329957962036,2297.0,81.1156005859375
2023-01-17,9289.860336303711,2297.0,81.65260314941406
2023-01-18,9319.61375617981,2297.0,81.52549743652344
2023-01-19,9315.206075668335,2297.0,81.43599700927734
2023-01-20,9363.693714141846,2297.0,81.23979949951172
2023-01-23,9375.816411972046,2297.0,80.97599792480469
2023-01-24,9357.082193374634,2297.0,81.48799896240234
2023-01-25,9344.959495544434,2297.0,81.60189819335938
2023-01-26,9404.468437194824,2297.0,81.50270080566406
2023-01-27,9309.695949554443,2297.0,81.44509887695312
2023-01-30,9264.51354598999,2297.0,81.50800323486328
2023-01-31,9319.61375617981,2297.0,81.57990264892578
2023-02-01,9060.644134521484,2297.0,81.76840209960938
2023-02-02,9023.17569732666,2297.0,81.71029663085938
2023-02-03,8954.852445602417,2297.0,82.0458984375
2023-02-06,8911.873882293701,2297.0,82.22599792480469
2023-02-07,9011.054050445557,2297.0,82.75499725341797
2023-02-08,8911.873882293701,2297.0,82.74189758300781
2023-02-09,9048.52248764038,2297.0,82.65950012207031
2023-02-10,8876.610336303711,2297.0,82.533203125
2023-02-13,9007.747764587402,2297.0,82.51300048828125
2023-02-14,9058.440294265747,2297.0,82.59739685058594
2023-02-15,8930.608100891113,2297.0,82.86759948730469
2023-02-16,9180.76236152649,2297.0,82.73770141601562
2023-02-17,9067.255655288696,2297.0,82.69529724121094
2023-02-21,9332.83784866333,2297.0,82.69750213623047
2023-02-22,9262.309705734253,2297.0,82.86119842529297
2023-02-23,8976.891899108887,2297.0,82.83529663085938
2023-02-24,8716.819831848145,2297.0,82.6178970336914
2023-02-27,8835.835613250732,2297.0,82.91799926757812
2023-02-28,9030.889663696289,2297.0,82.6520004272461
2023-03-01,9186.27248764038,2297.0,82.6353988647461
2023-03-02,9001.13624382019,2297.0,82.4198989868164
2023-03-03,8987.91215133667,2297.0,82.35569763183594
2023-03-06,9037.502235412598,2297.0,81.7125015258789
2023-03-07,8786.246054649353,2297.0,81.85440063476562
2023-03-08,8907.466201782227,2297.0,82.07460021972656
2023-03-09,8936.118227005005,2297.0,81.9645004272461
2023-03-10,8916.281562805176,2297.0,82.01840209960938
2023-03-13,8969.177932739258,2297.0,81.95800018310547
2023-03-14,8839.141899108887,2297.0,82.41739654541016
2023-03-15,8499.72580242157,2297.0,82.30490112304688
2023-03-16,8563.641899108887,2297.0,82.7156982421875
2023-03-17,8625.354155540466,2297.0,82.622802734375
2023-03-20,8762.002235412598,2297.0,82.53299713134766
2023-03-21,8856.773672103882,2297.0,82.52909851074219
2023-03-22,8966.97409248352,2297.0,82.677001953125
2023-03-23,9137.783798217773,2297.0,82.52580261230469
2023-03-24,9039.706075668335,2297.0,82.26529693603516
2023-03-27,9046.317596435547,2297.0,82.33879852294922
2023-03-28,9062.847974777222,2297.0,82.21489715576172
2023-03-29,9069.459495544434,2297.0,82.16429901123047
2023-03-30,9015.461730957031,2297.0,82.25540161132812
2023-03-31,9046.317596435547,2297.0,82.10050201416016
2023-04-03,8947.138479232788,2297.0,82.18479919433594
2023-04-04,8779.634008407593,2297.0,82.14089965820312
2023-04-05,8811.591794013977,2297.0,82.11479949951172
2023-04-06,8873.304050445557,2297.0,81.94999694824219
2023-04-10,8786.246054649353,2297.0,81.88480377197266
2023-04-11,8869.997764587402,2297.0,81.98390197753906
2023-04-12,9002.23763847351,2297.0,82.07009887695312
2023-04-13,9089.296159744263,2297.0,81.96060180664062
2023-04-14,9052.930168151855,2297.0,81.68070220947266
2023-04-17,8961.463966369629,2297.0,81.84480285644531
2023-04-18,9013.257890701294,2297.0,82.00370025634766
2023-04-19,8974.68805885315,2297.0,82.10790252685547
2023-04-20,8864.48763847351,2297.0,82.34010314941406
2023-04-21,8771.920042037964,2297.0,82.14089965820312
2023-04-24,8712.41215133667,2297.0,82.05480194091797
2023-04-25,8476.583903312683,2297.0,81.85230255126953
2023-04-26,8485.39978981018,2297.0,81.9916000366211
2023-04-27,8517.358100891113,2297.0,81.76689910888672
2023-04-28,8529.479747772217,2297.0,81.76509857177734
2023-05-01,8633.068121910095,2297.0,81.74479675292969
2023-05-02,8480.992109298706,2297.0,81.77469635009766
2023-05-03,8444.626117706299,2297.0,81.77870178222656
2023-05-04,8485.39978981018,2297.0,81.77999877929688
2023-05-05,8532.786033630371,2297.0,81.71610260009766
2023-05-08,8635.271962165833,2297.0,81.72979736328125
2023-05-09,8571.355865478516,2297.0,81.78710174560547
2023-05-10,8436.91215133667,2297.0,82.1050033569336
2023-05-11,8149.289978981018,2297.0,81.9198989868164
2023-05-12,8191.166096687317,2297.0,82.10030364990234
2023-05-15,8237.44989490509,2297.0,82.20030212402344
2023-05-16,8054.518016815186,2297.0,82.2667007446289
2023-05-17,8249.572067260742,2297.0,82.2959976196289
2023-05-18,8114.0259075164795,2297.0,82.45030212402344
2023-05-19,8204.390189170837,2297.0,82.72509765625
2023-05-22,8097.496054649353,2297.0,82.90480041503906
2023-05-23,8025.865991592407,2297.0,82.82499694824219
2023-05-24,7831.913861274719,2297.0,82.8906021118164
2023-05-25,7891.421751976013,2297.0,82.71369934082031
2023-05-26,8096.394134521484,2297.0,82.74210357666016
2023-05-30,8062.231983184814,2297.0,82.57969665527344
2023-05-31,8002.7240924835205,2297.0,82.68389892578125
2023-06-01,8169.126117706299,2297.0,82.66680145263672
2023-06-02,8204.390189170837,2297.0,82.27670288085938
2023-06-05,8292.55010509491,2297.0,82.40979766845703
2023-06-06,8302.467911720276,2297.0,82.51119995117188
2023-06-07,8274.917806625366,2297.0,82.51719665527344
2023-06-08,8367.485928535461,2297.0,82.61810302734375
2023-06-09,8350.956075668335,2297.0,82.48829650878906
2023-06-12,8266.101920127869,2297.0,82.4448013305664
2023-06-13,8438.014071464539,2297.0,82.33719635009766
2023-06-14,8520.66386127472,2297.0,82.29039764404297
2023-06-15,8587.88624382019,2297.0,82.04499816894531
2023-06-16,8561.43805885315,2297.0,81.9126968383789
2023-06-20,8548.213966369629,2297.0,81.98139953613281
2023-06-21,8619.844029426575,2297.0,81.9917984008789
2023-06-22,8570.253945350647,2297.0,81.94149780273438
2023-06-23,8388.42398738861,2297.0,81.91929626464844
2023-06-26,8345.445949554443,2297.0,81.98480224609375
2023-06-27,8334.426222801208,2297.0,82.00650024414062
2023-06-28,8199.981983184814,2297.0,81.99839782714844
2023-06-29,8105.210021018982,2297.0,82.02649688720703
2023-06-30,8245.16386127472,2297.0,82.07540130615234
2023-07-03,8328.916096687317,2297.0,82.09629821777344
2023-07-05,8272.713966369629,2297.0,82.0071029663086
2023-07-06,8198.880063056946,2297.0,82.39409637451172
2023-07-07,8302.467911720276,2297.0,82.76840209960938
2023-07-10,8312.38624382019,2297.0,82.61530303955078
2023-07-11,8272.713966369629,2297.0,82.52529907226562
2023-07-12,8467.768016815186,2297.0,82.39990234375
2023-07-13,8660.618227005005,2297.0,82.00180053710938
2023-07-14,8644.08784866333,2297.0,82.03079986572266
2023-07-17,8445.728037834167,2297.0,82.07679748535156
2023-07-18,8410.463966369629,2297.0,82.06159973144531
2023-07-19,8374.097974777222,2297.0,82.07540130615234
2023-07-20,8413.770252227783,2297.0,82.06169891357422
2023-07-21,8381.81194114685,2297.0,82.0823974609375
2023-07-24,8464.46225643158,2297.0,81.99030303955078
2023-07-25,8600.007890701294,2297.0,81.81420135498047
2023-07-26,8574.66215133667,2297.0,81.95010375976562
2023-07-27,8515.154260635376,2297.0,81.97550201416016
2023-07-28,8633.068121910095,2297.0,82.3749008178711
2023-07-31,8803.877827644348,2297.0,82.25279998779297
2023-08-01,8581.27419757843,2297.0,82.2332992553711
2023-08-02,8435.810231208801,2297.0,82.30729675292969
2023-08-03,8542.703840255737,2297.0,82.7332992553711
2023-08-04,8474.380063056946,2297.0,82.7843017578125
2023-08-07,8403.851920127869,2297.0,82.69529724121094
2023-08-08,8260.591794013977,2297.0,82.74829864501953
2023-08-09,8303.569831848145,2297.0,82.84500122070312
2023-08-10,8267.203840255737,2297.0,82.86630249023438
2023-08-11,8186.757890701294,2297.0,82.79989624023438
2023-08-14,8208.797869682312,2297.0,82.89730072021484
2023-08-15,8069.945949554443,2297.0,83.2333984375
2023-08-16,8047.905970573425,2297.0,83.19419860839844
2023-08-17,8122.841794013977,2297.0,83.23699951171875
2023-08-18,8152.595739364624,2297.0,83.09829711914062
2023-08-21,8181.247764587402,2297.0,83.16729736328125
2023-08-22,8266.101920127869,2297.0,83.1135025024414
2023-08-23,8382.91386127472,2297.0,83.07330322265625
2023-08-24,8303.569831848145,2297.0,82.5447006225586
2023-08-25,8287.039978981018,2297.0,82.64140319824219
2023-08-28,8273.815886497498,2297.0,82.66429901123047
2023-08-29,8359.771962165833,2297.0,82.69149780273438
2023-08-30,8342.140189170837,2297.0,82.49469757080078
2023-08-31,8314.590084075928,2297.0,82.70040130615234
2023-09-01,8402.75,2297.0,82.68240356445312
2023-09-05,8399.444239616394,2297.0,82.7345962524414
2023-09-06,8261.694239616394,2297.0,83.08609771728516
2023-09-07,8212.104155540466,2297.0,83.25740051269531
2023-09-08,8111.822067260742,2297.0,83.24150085449219
2023-09-11,8309.079957962036,2297.0,83.03130340576172
2023-09-12,8269.408205986023,2297.0,82.94329833984375
2023-09-13,8278.22409248352,2297.0,82.84300231933594
2023-09-14,8336.630063056946,2297.0,82.93679809570312
2023-09-15,8294.753945350647,2297.0,83.0282974243164
2023-09-18,8246.265781402588,2297.0,83.08580017089844
2023-09-19,8185.655970573425,2297.0,83.25489807128906
2023-09-20,8257.286033630371,2297.0,83.19499969482422
2023-09-21,8080.966201782227,2297.0,83.08699798583984
2023-09-22,8078.761836051941,2297.0,82.89129638671875
2023-09-25,8043.497764587402,2297.0,82.97480010986328
2023-09-26,7989.5,2297.0,83.0282974243164
2023-09-27,7993.908205986023,2297.0,83.29869842529297
2023-09-28,8142.677932739258,2297.0,83.22270202636719
2023-09-29,8212.104155540466,2297.0,83.19300079345703
2023-10-02,8004.927932739258,2297.0,83.03479766845703
2023-10-03,7968.561941146851,2297.0,83.3593978881836
2023-10-04,7899.13624382019,2297.0,83.22979736328125
2023-10-05,7817.58784866333,2297.0,83.44979858398438
2023-10-06,7988.398079872131,2297.0,83.22489929199219
2023-10-09,8028.0698318481445,2297.0,83.12460327148438
2023-10-10,8004.927932739258,2297.0,83.27030181884766
2023-10-11,7965.256180763245,2297.0,83.25029754638672
2023-10-12,7921.1762228012085,2297.0,83.21800231933594
2023-10-13,7890.3198318481445,2297.0,83.26239776611328
2023-10-16,7905.747764587402,2297.0,83.28230285644531
2023-10-17,7880.402025222778,2297.0,83.19950103759766
2023-10-18,7894.7280378341675,2297.0,83.26429748535156
2023-10-19,7915.666096687317,2297.0,83.26860046386719
2023-10-20,7806.568121910095,2297.0,83.12229919433594
2023-10-23,7874.891899108887,2297.0,83.15979766845703
2023-10-24,7956.439768791199,2297.0,83.02940368652344
2023-10-25,7872.688058853149,2297.0,82.98780059814453
2023-10-26,7864.9740924835205,2297.0,83.1709976196289
2023-10-27,8009.336138725281,2297.0,83.28250122070312
2023-10-30,8043.497764587402,2297.0,83.41339874267578
2023-10-31,8025.865991592407,2297.0,83.29650115966797
2023-11-01,8033.579957962036,2297.0,83.2771987915039
2023-11-02,8082.068121910095,2297.0,85.19400024414062
2023-11-03,8098.597974777222,2297.0,83.24729919433594
2023-11-06,8175.738163948059,2297.0,83.15850067138672
2023-11-07,8088.6801681518555,2297.0,83.2228012084961
2023-11-08,7996.11204624176,2297.0,83.23269653320312
2023-11-09,8011.539978981018,2297.0,83.21769714355469
2023-11-10,7898.033798217773,2297.0,83.31939697265625
2023-11-13,8072.149789810181,2297.0,83.29889678955078
2023-11-14,8116.229747772217,2297.0,83.19760131835938
2023-11-15,8193.369936943054,2297.0,82.98159790039062
2023-11-16,8164.717911720276,2297.0,83.18620300292969
2023-11-17,8237.44989490509,2297.0,83.12030029296875
2023-11-20,8402.75,2297.0,83.29149627685547
2023-11-21,8407.158205986023,2297.0,83.32219696044922
2023-11-22,8301.365991592407,2297.0,83.345703125
2023-11-24,8367.485928535461,2297.0,83.34400177001953
2023-11-27,8292.55010509491,2297.0,83.31449890136719
2023-11-28,8377.404260635376,2297.0,83.364501953125
2023-11-29,8344.344029426575,2297.0,83.41809844970703
2023-11-30,8439.115991592407,2297.0,83.3302993774414
2023-12-01,8615.435823440552,2297.0,83.35269927978516
2023-12-04,8420.381772994995,2297.0,83.21859741210938
2023-12-05,8314.590084075928,2297.0,83.41709899902344
2023-12-06,8191.166096687317,2297.0,83.31590270996094
2023-12-07,8341.03774356842,2297.0,83.28959655761719
2023-12-08,8419.279852867126,2297.0,83.35489654541016
2023-12-11,8331.119936943054,2297.0,83.43009948730469
2023-12-12,8344.344029426575,2297.0,83.34349822998047
2023-12-13,8344.344029426575,2297.0,83.39600372314453
2023-12-14,8570.253945350647,2297.0,83.2853012084961
2023-12-15,8562.539978981018,2297.0,83.29660034179688
2023-12-18,8480.992109298706,2297.0,83.04170227050781
2023-12-19,8586.783798217773,2297.0,83.11119842529297
2023-12-20,8598.905970573425,2297.0,83.09159851074219
2023-12-21,8614.333903312683,2297.0,83.26719665527344
2023-12-22,8585.681878089905,2297.0,83.13159942626953
2023-12-26,8585.681878089905,2297.0,83.17230224609375
2023-12-27,8691.47409248352,2297.0,83.18280029296875
2023-12-28,8624.252235412598,2297.0,83.26719665527344
2023-12-29,8552.622172355652,2297.0,82.302001953125
2024-01-02,8527.27590751648,2297.0,83.20259857177734
2024-01-03,8479.890189170837,2297.0,83.25700378417969
2024-01-04,8443.52419757843,2297.0,83.31809997558594
2024-01-05,8363.078248023987,2297.0,83.2406005859375
2024-01-08,8374.097974777222,2297.0,83.19110107421875
2024-01-09,8261.694239616394,2297.0,83.05069732666016
2024-01-10,8333.323777198792,2297.0,83.131103515625
2024-01-11,8323.405970573425,2297.0,83.02559661865234
2024-01-12,8242.960021018982,2297.0,83.07610321044922
2024-01-16,8301.365991592407,2297.0,82.8593978881836
2024-01-17,8226.430168151855,2297.0,83.08899688720703
2024-01-18,8253.979747772217,2297.0,83.17759704589844
2024-01-19,8346.547869682312,2297.0,83.16059875488281
2024-01-22,8295.855865478516,2297.0,83.12470245361328
2024-01-23,8354.261836051941,2297.0,83.09510040283203
2024-01-24,8557.029852867126,2297.0,83.22139739990234
2024-01-25,8519.56194114685,2297.0,83.09760284423828
2024-01-26,8486.502235412598,2297.0,83.14610290527344
2024-01-29,8536.091794013977,2297.0,83.12129974365234
2024-01-30,8609.926222801208,2297.0,83.1530990600586
2024-01-31,8601.109810829163,2297.0,83.10970306396484
2024-02-01,8490.909915924072,2297.0,83.05359649658203
2024-02-02,8422.58613872528,2297.0,82.92759704589844
2024-02-05,8313.488163948059,2297.0,82.99929809570312
2024-02-06,8336.630063056946,2297.0,83.10369873046875
2024-02-07,8237.44989490509,2297.0,83.07060241699219
2024-02-08,8166.921751976013,2297.0,83.01260375976562
2024-02-09,8123.944239616394,2297.0,82.98529815673828
2024-02-12,8217.61375617981,2297.0,83.0145034790039
2024-02-13,8185.655970573425,2297.0,82.99019622802734
2024-02-14,8155.902025222778,2297.0,83.07460021972656
2024-02-15,8279.32601261139,2297.0,83.04309844970703
2024-02-16,8458.952130317688,2297.0,83.00959777832031
2024-02-20,8521.765781402588,2297.0,83.02100372314453
2024-02-21,8539.398079872131,2297.0,82.8291015625
2024-02-22,8590.090084075928,2297.0,82.93840026855469
2024-02-23,8555.927932739258,2297.0,82.87229919433594
2024-02-26,8428.095739364624,2297.0,82.88179779052734
2024-02-27,8443.52419757843,2297.0,82.85199737548828
2024-02-28,8435.810231208801,2297.0,82.94819641113281
2024-02-29,8451.238163948059,2297.0,82.91190338134766
2024-03-01,8496.420042037964,2297.0,82.910400390625
2024-03-04,8489.807995796204,2297.0,82.84609985351562
2024-03-05,8472.176222801208,2297.0,82.9104995727539
2024-03-06,8530.582193374634,2297.0,82.88480377197266
2024-03-07,8638.578248023987,2297.0,82.81909942626953
2024-03-08,8562.539978981018,2297.0,82.7522964477539
2024-03-11,8645.189768791199,2297.0,82.7520980834961
2024-03-12,8650.69989490509,2297.0,82.7782974243164
2024-03-13,8931.709495544434,2297.0,82.83509826660156
2024-03-14,8897.54839515686,2297.0,82.83110046386719
2024-03-15,9063.950420379639,2297.0,82.9655990600586
2024-03-18,9068.358100891113,2297.0,82.88890075683594
2024-03-19,8944.933588027954,2297.0,82.86360168457031
2024-03-20,8900.853630065918,2297.0,83.04239654541016
2024-03-21,8918.48645401001,2297.0,83.05460357666016
2024-03-22,8807.184113502502,2297.0,83.22660064697266
2024-03-25,8831.427932739258,2297.0,83.59359741210938
2024-03-26,8807.184113502502,2297.0,83.41739654541016
2024-03-27,8799.470147132874,2297.0,83.34549713134766
2024-03-28,8823.713966369629,2297.0,83.36499786376953
2024-04-01,8917.384008407593,2297.0,83.36479949951172
2024-04-02,8970.280378341675,2297.0,83.40969848632812
2024-04-03,9241.371646881104,2297.0,83.35030364990234
2024-04-04,9359.286033630371,2297.0,83.37329864501953
2024-04-05,9343.858100891113,2297.0,83.47779846191406
2024-04-08,9426.507890701294,2297.0,83.29679870605469
2024-04-09,9446.343503952026,2297.0,83.26959991455078
2024-04-10,9437.528142929077,2297.0,83.22429656982422
2024-04-11,9371.407680511475,2297.0,83.4126968383789
2024-04-12,9383.530378341675,2297.0,83.34929656982422
2024-04-15,9651.316411972046,2297.0,83.61109924316406
2024-04-16,9489.322067260742,2297.0,83.50599670410156
2024-04-17,9570.870462417603,2297.0,83.6675033569336
2024-04-18,9786.861520767212,2297.0,83.5958023071289
2024-04-19,9922.407680511475,2297.0,83.54499816894531
2024-04-22,9919.102445602417,2297.0,83.38529968261719
2024-04-23,9897.06194114685,2297.0,83.38619995117188
2024-04-24,9845.268016815186,2297.0,83.2833023071289
2024-04-25,10073.381772994995,2297.0,83.3405990600586
2024-04-26,10070.07548713684,2297.0,83.30180358886719
2024-04-29,10268.435823440552,2297.0,83.40229797363281
2024-04-30,10060.157680511475,2297.0,83.45110321044922
2024-05-01,10033.709495544434,2297.0,83.49839782714844
2024-05-02,9904.77590751648,2297.0,83.40640258789062
2024-05-03,10079.994344711304,2297.0,83.40630340576172
2024-05-06,10214.43805885315,2297.0,83.37999725341797
2024-05-07,10194.602445602417,2297.0,83.4728012084961
2024-05-08,10054.647554397583,2297.0,83.46990203857422
2024-05-09,10154.930168151855,2297.0,83.46430206298828
2024-05-10,10344.47409248352,2297.0,83.45939636230469
2024-05-13,10589.118227005005,2297.0,83.5248031616211
2024-05-14,10917.51354598999,2297.0,83.50550079345703
2024-05-15,10952.778142929077,2297.0,83.52420043945312
2024-05-16,10781.968437194824,2297.0,83.40509796142578
2024-05-17,11145.628353118896,2297.0,83.47010040283203
2024-05-20,11212.85021018982,2297.0,83.30039978027344
2024-05-21,11282.27590751648,2297.0,83.31500244140625
2024-05-22,10727.969621658325,2297.0,83.31680297851562
2024-05-23,10615.566411972046,2297.0,83.26709747314453
2024-05-24,10531.814176559448,2297.0,83.2863998413086
2024-05-28,10745.602445602417,2297.0,83.14569854736328
2024-05-29,10591.322067260742,2297.0,83.20649719238281
2024-05-30,10297.08784866333,2297.0,83.3656005859375
2024-05-31,10160.440294265747,2297.0,83.3208999633789
2024-06-03,10308.108100891113,2297.0,83.45079803466797
2024-06-04,10023.791688919067,2297.0,83.09339904785156
2024-06-05,10181.378353118896,2297.0,83.62940216064453
2024-06-06,10338.963966369629,2297.0,83.38079833984375
2024-06-07,9905.878353118896,2297.0,83.47309875488281
2024-06-10,10042.52590751648,2297.0,83.52760314941406
2024-06-11,9968.691478729248,2297.0,83.52980041503906
2024-06-12,10097.626117706299,2297.0,83.5968017578125
2024-06-13,9934.530378341675,2297.0,83.5343017578125
2024-06-14,10030.404260635376,2297.0,83.52210235595703
2024-06-17,9965.38624382019,2297.0,83.55180358886719
2024-06-18,10054.647554397583,2297.0,83.51010131835938
2024-06-20,10178.072067260742,2297.0,83.41950225830078
2024-06-21,9904.77590751648,2297.0,83.60160064697266
2024-06-24,9977.507890701294,2297.0,83.5625
2024-06-25,9655.72409248352,2297.0,83.46040344238281
2024-06-26,9625.969621658325,2297.0,83.41459655761719
2024-06-27,9540.01354598999,2297.0,83.58039855957031
2024-06-28,9676.66215133667,2297.0,83.45089721679688
2024-07-01,9756.005655288696,2297.0,83.36750030517578
2024-07-02,9762.618227005005,2297.0,83.44129943847656
2024-07-03,10008.36375617981,2297.0,83.4791030883789
2024-07-05,10267.334428787231,2297.0,83.49340057373047
2024-07-08,10186.888479232788,2297.0,83.47209930419922
2024-07-09,10089.91215133667,2297.0,83.45760345458984
2024-07-10,10154.930168151855,2297.0,83.49299621582031
2024-07-11,9936.734218597412,2297.0,83.49590301513672
2024-07-12,10135.093503952026,2297.0,83.51850128173828
2024-07-15,9981.915571212769,2297.0,83.52030181884766
2024-07-16,9794.57548713684,2297.0,83.58760070800781
2024-07-17,9695.396369934082,2297.0,83.52960205078125
2024-07-18,9402.26354598999,2297.0,83.57209777832031
2024-07-19,9298.67569732666,2297.0,83.67430114746094
2024-07-22,9213.822067260742,2297.0,83.73030090332031
2024-07-23,9137.783798217773,2297.0,83.67130279541016
2024-07-24,9034.195949554443,2297.0,83.70680236816406
2024-07-25,9063.950420379639,2297.0,83.74299621582031
2024-07-26,9046.317596435547,2297.0,83.73760223388672
2024-07-29,8952.647554397583,2297.0,83.72779846191406
2024-07-30,8954.852445602417,2297.0,83.75050354003906
2024-07-31,9168.639663696289,2297.0,83.73899841308594
2024-08-01,8962.566411972046,2297.0,83.7177963256836
2024-08-02,9001.13624382019,2297.0,83.743896484375
2024-08-05,8780.735928535461,2297.0,83.73529815673828
2024-08-06,8841.345739364624,2297.0,84.00260162353516
2024-08-07,8678.25,2297.0,83.93489837646484
2024-08-08,8694.779852867126,2297.0,83.94239807128906
2024-08-09,8771.920042037964,2297.0,83.98899841308594
2024-08-12,8937.219621658325,2297.0,83.94979858398438
2024-08-13,8895.343503952026,2297.0,83.88999938964844
2024-08-14,8871.10021018982,2297.0,83.88200378417969
2024-08-15,9122.355865478516,2297.0,83.97149658203125
2024-08-16,9097.010126113892,2297.0,83.94830322265625
2024-08-19,9182.966201782227,2297.0,83.88980102539062
2024-08-20,9145.497764587402,2297.0,83.87860107421875
2024-08-21,9216.02590751648,2297.0,83.77940368652344
2024-08-22,9126.76354598999,2297.0,83.88860321044922
2024-08-23,9244.677932739258,2297.0,83.94059753417969
2024-08-26,9282.146369934082,2297.0,83.81379699707031
2024-08-27,9324.02248764038,2297.0,83.88369750976562
2024-08-28,9135.579957962036,2297.0,83.92160034179688
2024-08-29,9141.090084075928,2297.0,83.94149780273438
2024-08-30,9135.579957962036,2297.0,83.89510345458984
2024-09-03,8886.528142929077,2297.0,83.92729949951172
2024-09-04,8858.97751235962,2297.0,83.95030212402344
2024-09-05,8986.809705734253,2297.0,83.98249816894531
2024-09-06,8847.958311080933,2297.0,83.98359680175781
2024-09-09,9002.23763847351,2297.0,83.98259735107422
2024-09-10,8905.26236152649,2297.0,83.98090362548828
2024-09-11,8998.932403564453,2297.0,83.98200225830078
2024-09-12,9109.131772994995,2297.0,83.99259948730469
2024-09-13,9201.700420379639,2297.0,83.93479919433594
2024-09-16,9285.45160484314,2297.0,83.88480377197266
2024-09-17,9286.554050445557,2297.0,83.88400268554688
2024-09-18,9340.551815032959,2297.0,83.77059936523438
2024-09-19,9446.343503952026,2297.0,83.69170379638672
2024-09-20,9436.42569732666,2297.0,83.61470031738281
2024-09-23,9452.956075668335,2297.0,83.48709869384766
2024-09-24,9762.618227005005,2297.0,83.55960083007812
2024-09-25,9759.31194114685,2297.0,83.56759643554688
2024-09-26,10096.523672103882,2297.0,83.62409973144531
2024-09-27,10008.36375617981,2297.0,83.61710357666016
2024-09-30,9909.183588027954,2297.0,83.71640014648438
2024-10-01,9996.242109298706,2297.0,83.82730102539062
2024-10-02,10129.584428787231,2297.0,83.87210083007812
2024-10-03,9922.407680511475,2297.0,83.91960144042969
2024-10-04,9967.590084075928,2297.0,84.0093994140625
2024-10-07,9959.876117706299,2297.0,84.02780151367188
2024-10-08,9724.04839515686,2297.0,83.96410369873047
2024-10-09,9598.420042037964,2297.0,83.91459655761719
2024-10-10,9664.540504455566,2297.0,83.94219970703125
2024-10-11,9811.105865478516,2297.0,83.94599914550781
2024-10-14,9617.154260635376,2297.0,84.16829681396484
2024-10-15,9478.301815032959,2297.0,84.04850006103516
2024-10-16,9546.626117706299,2297.0,84.05619812011719
2024-10-17,9447.445949554443,2297.0,84.03929901123047
2024-10-18,9578.584428787231,2297.0,84.05380249023438
2024-10-21,9527.891899108887,2297.0,84.0687026977539
2024-10-22,9582.992109298706,2297.0,84.07350158691406
2024-10-23,9487.118227005005,2297.0,84.08399963378906
2024-10-24,9520.177932739258,2297.0,84.06759643554688
2024-10-25,9564.257890701294,2297.0,84.08180236816406
2024-10-28,9547.72751235962,2297.0,84.10199737548828
2024-10-29,9548.829957962036,2297.0,84.10279846191406
2024-10-30,9537.809705734253,2297.0,84.08930206298828
2024-10-31,9506.953840255737,2297.0,84.08910369873047
2024-11-01,9581.889663696289,2297.0,84.09149932861328
2024-11-04,9713.028142929077,2297.0,84.13359832763672
2024-11-05,9808.902025222778,2297.0,84.15249633789062
2024-11-06,9306.389663696289,2297.0,84.11630249023438
2024-11-07,9719.639663696289,2297.0,84.2511978149414
2024-11-08,9447.445949554443,2297.0,84.306396484375
2024-11-11,9281.043924331665,2297.0,84.38289642333984
2024-11-12,9079.378353118896,2297.0,84.39649963378906
2024-11-13,8961.463966369629,2297.0,84.39530181884766
2024-11-14,8976.891899108887,2297.0,84.4229965209961
2024-11-15,8928.404260635376,2297.0,84.47380065917969
2024-11-18,9054.031562805176,2297.0,84.47750091552734
2024-11-19,9102.520252227783,2297.0,84.39849853515625
2024-11-20,9132.273672103882,2297.0,84.39759826660156
2024-11-21,9065.051815032959,2297.0,84.38310241699219
2024-11-22,8979.095739364624,2297.0,84.48829650878906
2024-11-25,9017.665571212769,2297.0,84.43599700927734
2024-11-26,8901.956075668335,2297.0,84.37750244140625
2024-11-27,8963.667806625366,2297.0,84.33910369873047
2024-11-29,8993.422277450562,2297.0,84.47160339355469
2024-12-02,8982.402025222778,2297.0,84.55699920654297
2024-12-03,9137.783798217773,2297.0,84.73709869384766
2024-12-04,9128.968437194824,2297.0,84.68309783935547
2024-12-05,9113.540504455566,2297.0,84.70700073242188
2024-12-06,9121.254470825195,2297.0,84.68379974365234
2024-12-09,9308.593503952026,2297.0,84.66600036621094
2024-12-10,9308.593503952026,2297.0,84.84729766845703
2024-12-11,9287.656496047974,2297.0,84.8740005493164
2024-12-12,9245.780378341675,2297.0,84.85710144042969
2024-12-13,9144.396369934082,2297.0,84.83920288085938
2024-12-16,9132.273672103882,2297.0,84.802001953125
2024-12-17,9017.665571212769,2297.0,84.91729736328125
2024-12-18,9036.39978981018,2297.0,84.91539764404297
2024-12-19,8861.182403564453,2297.0,85.16549682617188
2024-12-20,8906.36375617981,2297.0,85.27940368652344
2024-12-23,8866.691478729248,2297.0,84.94499969482422
2024-12-24,8925.097974777222,2297.0,85.0988998413086
2024-12-26,8974.68805885315,2297.0,85.41339874267578
2024-12-27,8953.75,2297.0,85.26090240478516
2024-12-30,8916.281562805176,2297.0,85.38600158691406
2024-12-31,8785.144134521484,2297.0,85.7865982055664
2025-01-02,8790.654260635376,2297.0,85.78569793701172
2025-01-03,8903.058521270752,2297.0,85.80400085449219
2025-01-06,9095.907680511475,2297.0,85.75900268554688
2025-01-07,9169.742109298706,2297.0,85.68070220947266
2025-01-08,9317.409915924072,2297.0,85.80650329589844
2025-01-09,9432.018016815186,2297.0,85.90750122070312
2025-01-10,9420.997764587402,2297.0,85.91999816894531
2025-01-13,9467.281562805176,2297.0,86.18800354003906
2025-01-14,9500.342319488525,2297.0,86.65059661865234
2025-01-15,9608.33784866333,2297.0,86.535400390625
2025-01-16,9720.742109298706,2297.0,86.43099975585938
2025-01-17,9559.85021018982,2297.0,86.6061019897461
2025-01-21,9501.443714141846,2297.0,86.21109771728516
2025-01-22,9414.38624382019,2297.0,86.45189666748047
2025-01-23,9476.097974777222,2297.0,86.47270202636719
2025-01-24,9455.159915924072,2297.0,86.44020080566406
2025-01-27,9264.51354598999,2297.0,86.2030029296875
2025-01-28,9301.981983184814,2297.0,86.46839904785156
2025-01-29,9383.530378341675,2297.0,86.58460235595703
2025-01-30,9450.752235412598,2297.0,86.6406021118164
2025-01-31,9393.448184967041,2297.0,86.64700317382812
2025-02-03,9463.976327896118,2297.0,86.55400085449219
2025-02-04,9570.870462417603,2297.0,86.94339752197266
2025-02-05,9773.638479232788,2297.0,87.13009643554688
2025-02-06,9815.51354598999,2297.0,87.33409881591797
2025-02-07,10097.626117706299,2297.0,87.58830261230469
2025-02-10,10359.902025222778,2297.0,87.51309967041016
2025-02-11,10126.278142929077,2297.0,87.49009704589844
2025-02-12,10354.391899108887,2297.0,86.81120300292969
2025-02-13,10510.876117706299,2297.0,86.8740005493164
2025-02-14,10262.92569732666,2297.0,86.75409698486328
2025-02-18,10105.340084075928,2297.0,86.85479736328125
2025-02-19,10043.628353118896,2297.0,86.88719940185547
2025-02-20,10156.031562805176,2297.0,86.872802734375
2025-02-21,10050.239873886108,2297.0,86.45120239257812
2025-02-24,9955.468437194824,2297.0,86.52940368652344
2025-02-25,9887.144134521484,2297.0,86.69010162353516
2025-02-26,10010.567596435547,2297.0,87.0811996459961
2025-02-27,10094.319831848145,2297.0,87.16220092773438
2025-02-28,9949.958311080933,2297.0,87.3270034790039
2025-03-03,10086.605865478516,2297.0,87.46399688720703
2025-03-04,9978.610336303711,2297.0,87.32959747314453
2025-03-05,10505.365991592407,2297.0,87.21700286865234
2025-03-06,10532.915571212769,2297.0,86.88929748535156
2025-03-07,10321.332193374634,2297.0,87.12879943847656
2025-03-10,10225.458311080933,2297.0,87.07379913330078
2025-03-11,10446.959495544434,2297.0,87.3551025390625
2025-03-12,10625.484218597412,2297.0,87.20010375976562
2025-03-13,10796.293924331665,2297.0,87.3405990600586
2025-03-14,10732.378353118896,2297.0,86.9220962524414
2025-03-17,10873.433588027954,2297.0,86.93900299072266
2025-03-18,11004.572067260742,2297.0,86.91639709472656
2025-03-19,11187.504470825195,2297.0,86.57610321044922
2025-03-20,11207.340084075928,2297.0,86.33709716796875
2025-03-21,11212.85021018982,2297.0,86.33609771728516
2025-03-24,11161.056285858154,2297.0,85.98699951171875
2025-03-25,11423.332193374634,2297.0,85.53209686279297
2025-03-26,11496.064176559448,2297.0,85.59040069580078
2025-03-27,11234.889663696289,2297.0,86.09539794921875
2025-03-28,11267.950420379639,2297.0,85.69490051269531
2025-03-31,11064.079957962036,2297.0,85.53880310058594
2025-04-01,11061.876117706299,2297.0,85.46810150146484
2025-04-02,11071.793924331665,2297.0,85.61009979248047
2025-04-03,10603.443714141846,2297.0,85.65119934082031
2025-04-04,9663.43805885315,2297.0,85.28289794921875
2025-04-07,9188.476327896118,2297.0,85.529296875
2025-04-08,9097.010126113892,2297.0,86.0270004272461
2025-04-09,9202.801815032959,2297.0,86.435302734375
2025-04-10,9523.484218597412,2297.0,86.20929718017578
2025-04-11,9934.530378341675,2297.0,86.2603988647461
2025-04-14,10161.541688919067,2297.0,86.19300079345703
2025-04-15,10162.644134521484,2297.0,86.0447998046875
2025-04-16,10301.495529174805,2297.0,85.72669982910156
2025-04-17,10428.226327896118,2297.0,85.62049865722656
2025-04-22,10734.582193374634,2297.0,85.15889739990234
2025-04-23,10657.441478729248,2297.0,85.2323989868164
2025-04-24,10689.39978981018,2297.0,85.4999008178711
2025-04-25,10657.441478729248,2297.0,85.2573013305664
2025-04-28,10662.95160484314,2297.0,85.38490295410156
2025-04-29,10629.891899108887,2297.0,85.1603012084961
2025-04-30,10050.239873886108,2297.0,85.1707992553711
2025-05-01,10096.523672103882,2297.0,84.53119659423828
2025-05-02,10199.010126113892,2297.0,84.69670104980469
2025-05-05,10259.620462417603,2297.0,84.52629852294922
2025-05-06,10435.940294265747,2297.0,84.2208023071289
2025-05-07,10174.765781402588,2297.0,84.79319763183594
2025-05-08,10052.443714141846,2297.0,84.81719970703125
2025-05-09,10162.644134521484,2297.0,86.08219909667969
2025-05-12,10091.01354598999,2297.0,85.4083023071289
2025-05-13,10318.02590751648,2297.0,84.9656982421875
2025-05-14,10162.644134521484,2297.0,85.060302734375
2025-05-15,10236.47751235962,2297.0,85.48760223388672
2025-05-16,10040.322067260742,2297.0,85.44490051269531
2025-05-19,10212.234218597412,2297.0,85.50029754638672
2025-05-20,10181.378353118896,2297.0,85.37210083007812
2025-05-21,10222.152025222778,2297.0,85.53610229492188
2025-05-22,10245.293924331665,2297.0,85.60030364990234
2025-05-23,10593.52590751648,2297.0,85.97489929199219
2025-05-27,10380.840084075928,2297.0,85.158203125
2025-05-28,10235.376117706299,2297.0,85.3604965209961
2025-05-29,10256.314176559448,2297.0,85.38590240478516
2025-05-30,10254.110336303711,2297.0,85.36129760742188
2025-06-02,10655.23763847351,2297.0,85.52429962158203
2025-06-03,10600.138479232788,2297.0,85.36370086669922
2025-06-04,10721.358100891113,2297.0,85.70880126953125
2025-06-05,10829.353630065918,2297.0,85.9041976928711
2025-06-06,10645.319831848145,2297.0,85.87750244140625
2025-06-09,10820.538269042969,2297.0,85.7853012084961
2025-06-10,10764.335613250732,2297.0,85.75599670410156
2025-06-11,10581.404260635376,2297.0,85.65280151367188
2025-06-12,10626.585613250732,2297.0,85.46980285644531
2025-06-13,10585.81194114685,2297.0,85.68840026855469
2025-06-16,10637.605865478516,2297.0,86.24919891357422
2025-06-17,10580.301815032959,2297.0,86.10420227050781
2025-06-18,10678.379537582397,2297.0,86.36270141601562
2025-06-20,10636.504470825195,2297.0,86.58380126953125
2025-06-23,10673.971857070923,2297.0,86.5802993774414
2025-06-24,10726.868227005005,2297.0,86.23300170898438
2025-06-25,10828.252235412598,2297.0,85.90480041503906
2025-06-26,11164.361520767212,2297.0,86.006103515625
2025-06-27,11170.97409248352,2297.0,85.66639709472656
2025-06-30,11086.120462417603,2297.0,85.4552993774414
2025-07-01,11125.791688919067,2297.0,85.71399688720703
2025-07-02,11348.396369934082,2297.0,85.6427993774414
2025-07-03,11233.788269042969,2297.0,85.69409942626953
2025-07-07,10985.83784866333,2297.0,85.49629974365234
2025-07-08,12441.579957962036,2297.0,85.89199829101562
2025-07-09,11997.47409248352,2297.0,85.7073974609375
2025-07-10,12227.791688919067,2297.0,85.70850372314453
2025-07-11,12258.647554397583,2297.0,85.73480224609375
2025-07-14,12155.059705734253,2297.0,85.82129669189453
2025-07-15,12223.384008407593,2297.0,85.96839904785156
2025-07-16,12114.286033630371,2297.0,85.99310302734375
2025-07-17,12091.144134521484,2297.0,85.88520050048828
2025-07-18,12293.91215133667,2297.0,86.04650115966797
2025-07-21,12365.541688919067,2297.0,86.14859771728516
2025-07-22,12556.18805885315,2297.0,86.19529724121094
2025-07-23,12772.180168151855,2297.0,86.3427963256836
2025-07-24,12732.507890701294,2297.0,86.39869689941406
2025-07-25,12702.754470825195,2297.0,86.4302978515625
2025-07-28,12331.379537582397,2297.0,86.506103515625
2025-07-29,12350.11375617981,2297.0,86.77760314941406
2025-07-30,12276.280378341675,2297.0,87.06320190429688
2025-07-31,9544.422277450562,2297.0,87.714599609375
2025-08-01,9725.14978981018,2297.0,87.4894027709961
2025-08-04,9730.659915924072,2297.0,87.24530029296875
2025-08-05,9618.255655288696,2297.0,87.89330291748047
2025-08-06,9677.76354598999,2297.0,87.72309875488281
2025-08-07,9650.213966369629,2297.0,87.76249694824219
2025-08-08,9819.922277450562,2297.0,87.43319702148438
2025-08-11,9749.394134521484,2297.0,87.48829650878906
2025-08-12,9936.734218597412,2297.0,87.66449737548828
2025-08-13,9878.327722549438,2297.0,87.59559631347656
2025-08-14,9839.757890701294,2297.0,87.44999694824219
2025-08-15,9869.51236152649,2297.0,87.69180297851562
2025-08-18,9823.22751235962,2297.0,87.51280212402344
2025-08-19,9717.435823440552,2297.0,87.29509735107422
2025-08-20,9754.904260635376,2297.0,87.0791015625
2025-08-21,9767.02590751648,2297.0,87.01820373535156
2025-08-22,9802.290504455566,2297.0,87.29340362548828
2025-08-25,9844.165571212769,2297.0,87.3301010131836
2025-08-26,9808.902025222778,2297.0,87.60859680175781
2025-08-27,9729.558521270752,2297.0,87.60070037841797
2025-08-28,9837.554050445557,2297.0,87.65910339355469
2025-08-29,9958.773672103882,2297.0,87.5916976928711
2025-09-02,10071.177932739258,2297.0,88.00140380859375
2025-09-03,10046.933588027954,2297.0,87.99829864501953
2025-09-04,9891.551815032959,2297.0,88.072998046875
2025-09-05,9879.430168151855,2297.0,88.19290161132812
2025-09-08,9897.06194114685,2297.0,88.1863021850586
2025-09-09,9920.203840255737,2297.0,87.98049926757812
2025-09-10,10028.200420379639,2297.0,88.21829986572266
2025-09-11,10117.461730957031,2297.0,88.05339813232422
2025-09-12,10113.054050445557,2297.0,88.2676010131836
2025-09-15,10260.721857070923,2297.0,88.27729797363281
2025-09-16,10211.131772994995,2297.0,88.12349700927734
2025-09-17,10074.484218597412,2297.0,87.88459777832031
2025-09-18,10008.36375617981,2297.0,87.91069793701172
2025-09-19,10070.07548713684,2297.0,88.20690155029297
2025-09-22,10078.891899108887,2297.0,88.09919738769531
2025-09-23,10104.23763847351,2297.0,88.30439758300781
2025-09-24,10474.510126113892,2297.0,88.80799865722656
2025-09-25,10358.799579620361,2297.0,88.77860260009766
2025-09-26,10392.961730957031,2297.0,88.77310180664062
2025-09-29,10669.564176559448,2297.0,88.67680358886719
2025-09-30,10590.219621658325,2297.0,88.70449829101562
2025-10-01,10646.422277450562,2297.0,88.8406982421875
2025-10-02,10795.191478729248,2297.0,88.68299865722656
2025-10-03,11147.832193374634,2297.0,88.72019958496094
2025-10-06,10991.347974777222,2297.0,88.73509979248047
2025-10-07,11125.791688919067,2297.0,88.72109985351562
2025-10-08,11121.384008407593,2297.0,88.74259948730469
2025-10-09,11186.402025222778,2297.0,88.7771987915039
2025-10-10,10686.093503952026,2297.0,88.86540222167969
2025-10-13,11241.502235412598,2297.0,88.7573013305664
2025-10-14,10977.02248764038,2297.0,88.66510009765625
2025-10-15,10958.288269042969,2297.0,88.78250122070312
2025-10-16,10927.432403564453,2297.0,87.80950164794922
2025-10-17,10869.02590751648,2297.0,87.9906997680664
2025-10-20,11015.592319488525,2297.0,88.0022964477539
2025-10-21,10865.719621658325,2297.0,87.87999725341797
2025-10-22,10934.043924331665,2297.0,88.00160217285156
2025-10-23,11200.72751235962,2297.0,87.74030303955078
2025-10-24,11226.07430267334,2297.0,87.77899932861328
2025-10-27,11329.66215133667,2297.0,87.8290023803711
2025-10-28,11329.66215133667,2297.0,88.22209930419922
2025-10-29,11534.634008407593,2297.0,88.22550201416016
2025-10-30,11191.91215133667,2297.0,88.34559631347656
2025-10-31,11164.361520767212,2297.0,88.6344985961914
2025-11-03,11123.58784866333,2297.0,88.77539825439453
2025-11-04,10856.904260635376,2297.0,88.72339630126953
2025-11-05,10938.45160484314,2297.0,88.73200225830078
2025-11-06,10899.881772994995,2297.0,88.55690002441406
2025-11-07,10883.352445602417,2297.0,88.6729965209961
2025-11-10,11211.747764587402,2297.0,88.65799713134766
2025-11-11,11126.894134521484,2297.0,88.70709991455078
2025-11-12,11217.257890701294,2297.0,88.46649932861328
2025-11-13,11212.85021018982,2297.0,88.59400177001953
2025-11-14,11129.097974777222,2297.0,88.81610107421875
2025-11-17,11020.0,2297.0,88.68199920654297
2025-11-18,10937.35021018982,2297.0,88.63590240478516
2025-11-19,11037.631772994995,2297.0,88.55680084228516
2025-11-20,10930.73763847351,2297.0,88.48719787597656
2025-11-21,11038.734218597412,2297.0,88.69219970703125
2025-11-24,10936.247764587402,2297.0,89.63400268554688
2025-11-25,11018.897554397583,2297.0,89.14779663085938
2025-11-26,11250.317596435547,2297.0,89.15059661865234
2025-11-28,11428.842319488525,2297.0,89.36479949951172
2025-12-01,11502.67569732666,2297.0,89.3499984741211
2025-12-02,11374.843503952026,2297.0,89.61270141601562
2025-12-03,11698.832193374634,2297.0,89.91719818115234
2025-12-04,11662.466201782227,2297.0,90.17050170898438
2025-12-05,11861.927932739258,2297.0,89.8364028930664
2025-12-08,11823.358100891113,2297.0,89.93800354003906
2025-12-09,11550.06194114685,2297.0,90.12999725341797
2025-12-10,11627.20160484314,2297.0,89.91690063476562
2025-12-11,11961.108100891113,2297.0,89.79299926757812
2025-12-12,11644.834428787231,2297.0,90.25299835205078
2025-12-15,11766.054050445557,2297.0,90.5770034790039
2025-12-16,11652.54839515686,2297.0,90.77690124511719
2025-12-17,11821.154260635376,2297.0,90.94889831542969
2025-12-18,11827.765781402588,2297.0,90.4136962890625
2025-12-19,11988.657680511475,2297.0,90.25579833984375
2025-12-22,11984.25,2297.0,89.56999969482422
2025-12-23,12069.103630065918,2297.0,89.60389709472656
2025-12-24,12118.693714141846,2297.0,89.50789642333984
2025-12-26,12709.365991592407,2297.0,90.10590362548828
2025-12-29,12101.06194114685,2297.0,89.82929992675781
2025-12-30,12623.409915924072,2297.0,89.9000015258789
2025-12-31,12408.520252227783,2297.0,89.76940155029297
2026-01-02,12430.559705734253,2297.0,89.96189880371094
2026-01-05,13057.597974777222,2297.0,90.00700378417969
2026-01-06,13247.141899108887,2297.0,90.23300170898438
2026-01-07,12803.036033630371,2297.0,90.16609954833984
2026-01-08,12665.286033630371,2297.0,89.8644027709961
2026-01-09,12905.52248764038,2297.0,89.90540313720703
2026-01-12,13190.940294265747,2297.0,90.23600006103516
2026-01-13,13157.879537582397,2297.0,90.13269805908203
2026-01-14,13243.835613250732,2297.0,90.27300262451172
2026-01-15,13109.391899108887,2297.0,90.18319702148438
2026-01-16,12757.853630065918,2297.0,90.36160278320312
2026-01-20,12723.691478729248,2297.0,90.90450286865234
2026-01-21,12627.817596435547,2297.0,91.11840057373047
2026-01-22,12656.469621658325,2297.0,91.53690338134766
2026-01-23,13027.843503952026,2297.0,91.55829620361328
2026-01-26,13188.73645401001,2297.0,91.5009994506836
2026-01-27,12846.01354598999,2297.0,91.71309661865234
2026-01-28,12987.069831848145,2297.0,91.5343017578125
2026-01-29,13610.801815032959,2297.0,92.04080200195312
2026-01-30,12996.98763847351,2297.0,91.78189849853516
2026-02-02,12786.505655288696,2297.0,91.68699645996094
2026-02-03,13361.75,2297.0,90.24559783935547
2026-02-04,12840.504470825195,2297.0,90.42289733886719
2026-02-05,12780.995529174805,2297.0,90.125
2026-02-06,12923.154260635376,2297.0,90.3147964477539
2026-02-09,13102.780378341675,2297.0,90.58799743652344
2026-02-10,12994.783798217773,2297.0,90.82279968261719
2026-02-11,13111.595739364624,2297.0,90.58789825439453
2026-02-12,12719.283798217773,2297.0,90.73570251464844
2026-02-13,12766.670042037964,2297.0,90.56410217285156
2026-02-17,12415.131772994995,2297.0,90.78299713134766
2026-02-18,12768.873882293701,2297.0,90.6261978149414
2026-02-19,12628.920042037964,2297.0,90.79350280761719
2026-02-20,12851.523672103882,2297.0,91.04109954833984
2026-02-23,12723.691478729248,2297.0,90.72660064697266
2026-02-24,13054.291688919067,2297.0,91.02010345458984
2026-02-25,13178.817596435547,2297.0,90.91799926757812
2026-02-26,13107.18805885315,2297.0,90.95099639892578
2026-02-27,13233.917806625366,2297.0,91.00740051269531
2026-03-02,12991.47751235962,2297.0,91.07959747314453
2026-03-03,12724.793924331665,2297.0,91.56340026855469
2026-03-04,12904.420042037964,2297.0,92.00859832763672
2026-03-05,12679.611520767212,2297.0,92.12300109863281
2026-03-06,12688.427932739258,2297.0,91.78690338134766
2026-03-09,12784.301815032959,2297.0,91.93620300292969
2026-03-10,13012.415571212769,2297.0,91.220703125
2026-03-11,12883.481983184814,2297.0,92.16510009765625
2026-03-12,12837.198184967041,2297.0,92.22879791259766
2026-03-13,12594.757890701294,2297.0,92.38990020751953
2026-03-16,12762.26236152649,2297.0,92.5635986328125
2026-03-17,12621.206075668335,2297.0,92.28269958496094
2026-03-18,12241.015781402588,2297.0,92.39129638671875
2026-03-19,11974.332193374634,2297.0,93.24659729003906
2026-03-20,11774.870462417603,2297.0,93.0822982788086
2026-03-23,11988.657680511475,2297.0,93.89530181884766
2026-03-24,11951.190294265747,2297.0,93.24369812011719
2026-03-25,12185.915571212769,2297.0,94.29969787597656
2026-03-26,12004.085613250732,2297.0,94.6937026977539
2026-03-27,12049.268016815186,2297.0,94.30950164794922
2026-03-30,12069.103630065918,2297.0,94.78179931640625
2026-03-31,12314.85021018982,2297.0,94.35590362548828
2026-04-01,12395.296159744263,2297.0,93.48429870605469
2026-04-02,12260.852445602417,2297.0,92.6426010131836
2026-04-06,12306.033798217773,2297.0,92.97100067138672
2026-04-07,12220.077722549438,2297.0,92.81659698486328
2026-04-08,12693.93805885315,2297.0,92.86019897460938
2026-04-09,12668.592319488525,2297.0,92.2748031616211
2026-04-10,12938.582193374634,2297.0,92.46980285644531
2026-04-13,13171.103630065918,2297.0,94.50879669189453
2026-04-14,13379.381772994995,2297.0,94.9468002319336
2026-04-15,13382.68805885315,2297.0,93.16539764404297
2026-04-16,13370.566411972046,2297.0,93.38680267333984
2026-04-17,13452.11375617981,2297.0,93.04789733886719
2026-04-20,13303.343503952026,2297.0,92.60330200195312
2026-04-21,13227.306285858154,2297.0,93.12359619140625
2026-04-22,13488.479747772217,2297.0,93.622802734375
2026-04-23,13390.402025222778,2297.0,93.80049896240234
2026-04-24,13275.793924331665,2297.0,94.11289978027344
2026-04-27,13263.672277450562,2297.0,94.25029754638672
2026-04-28,13035.558521270752,2297.0,94.25849914550781
2026-04-29,12956.213966369629,2297.0,94.64550018310547
2026-04-30,13060.904260635376,2297.0,94.9166030883789
2026-05-01,13074.128353118896,2297.0,94.75910186767578
2026-05-04,12772.180168151855,2297.0,94.90299987792969
2026-05-05,13098.371646881104,2297.0,95.2593994140625
2026-05-06,13524.845739364624,2297.0,95.18299865722656
2026-05-07,13505.010126113892,2297.0,94.60800170898438
2026-05-08,13772.796159744263,2297.0,94.25299835205078
2026-05-11,14135.353630065918,2297.0,94.42530059814453
2026-05-12,14292.940294265747,2297.0,95.39140319824219
2026-05-13,14624.641899108887,2297.0,95.63300323486328
2026-05-14,14474.770252227783,2297.0,95.69580078125
2026-05-15,13778.306285858154,2297.0,95.70989990234375
2026-05-18,13823.48763847351,2297.0,95.97029876708984
